product_name,price,category,units_sold,stock_after,date,store_id,store_location,promotion_active,holiday,local_event
Pasta Italiana,4.89,Alimentación,5,29,2024-07-15,S037,Barcelona,0,Sin Festivo,Sin Evento
Yogur Natural,0.73,Lácteos,4,0,2025-04-18,S003,Alicante,1,Viernes Santo,Sin Evento
Pasta Italiana,1.55,Alimentación,0,81,2024-06-14,S024,Zaragoza,1,Sin Festivo,Sin Evento
Cerveza Lager,6.76,Bebidas,2,101,2024-05-02,S031,Zaragoza,0,Sin Festivo,Sin Evento
Turrón de Almendras,17.02,Alimentación (Navidad),0,39,2024-09-29,S016,Palma de Mallorca,0,Sin Festivo,Sin Evento
Pollo Fresco,8.38,Carnes,2,20,2024-09-20,S027,Sevilla,0,Sin Festivo,Sin Evento
Vino Tinto Rioja,4.95,Bebidas,7,12,2024-09-02,S006,Barcelona,0,Sin Festivo,Sin Evento
Protector Solar,14.55,Cuidado Personal,0,32,2024-04-24,S003,Murcia,0,Sin Festivo,Sin Evento
Vino Tinto Rioja,1.75,Bebidas,10,73,2025-02-18,S041,Murcia,0,Sin Festivo,Sin Evento
Paraguas,16.8,Hogar,0,6,2025-07-17,S027,Alicante,0,Sin Festivo,Sin Evento
Detergente Líquido,7.92,Limpieza,1,60,2025-09-09,S017,Bilbao,0,Sin Festivo,Sin Evento
Papel Higiénico,3.56,Higiene,4,60,2024-06-01,S039,Alicante,1,Sin Festivo,Sin Evento
Detergente Líquido,7.92,Limpieza,1,167,2024-12-28,S048,Madrid,0,Sin Festivo,Sin Evento
Protector Solar,10.0,Cuidado Personal,3,61,2025-01-15,S004,Madrid,0,Sin Festivo,Evento Deportivo Importante
Helado de Vainilla,1.03,Congelados,14,63,2024-07-19,S033,Sevilla,1,Sin Festivo,Sin Evento
Cerveza Lager,2.61,Bebidas,0,0,2025-10-29,S027,Zaragoza,0,Sin Festivo,Sin Evento
Helado de Vainilla,8.44,Congelados,1,59,2025-07-17,S004,Madrid,0,Sin Festivo,Sin Evento
Vino Tinto Rioja,8.85,Bebidas,6,38,2024-10-20,S025,Bilbao,1,Sin Festivo,Sin Evento
Detergente Líquido,1.58,Limpieza,0,145,2024-06-09,S045,Barcelona,1,Sin Festivo,Sin Evento
Aceite de Oliva,1.69,Alimentación,10,76,2025-07-28,S044,Madrid,0,Sin Festivo,Evento Deportivo Importante
Papel Higiénico,5.94,Higiene,2,57,2025-06-07,S038,Madrid,0,Sin Festivo,Sin Evento
Helado de Vainilla,2.33,Congelados,7,14,2025-03-16,S008,Bilbao,0,Sin Festivo,Sin Evento
Pasta Italiana,5.02,Alimentación,0,156,2024-03-09,S023,Murcia,0,Sin Festivo,Sin Evento
Protector Solar,12.21,Cuidado Personal,3,55,2024-11-14,S017,Valencia,0,Sin Festivo,Sin Evento
Turrón de Almendras,16.45,Alimentación (Navidad),13,20,2024-12-15,S028,Sevilla,1,Sin Festivo,Sin Evento
Leche Entera,1.05,Lácteos,12,21,2025-11-30,S005,Murcia,0,Sin Festivo,Sin Evento
Turrón de Almendras,5.11,Alimentación (Navidad),8,36,2025-01-30,S048,Bilbao,0,Sin Festivo,Sin Evento
Yogur Natural,2.62,Lácteos,4,9,2025-01-22,S026,Sevilla,0,Sin Festivo,Sin Evento
Helado de Vainilla,7.89,Congelados,0,54,2024-11-05,S026,Bilbao,0,Sin Festivo,Sin Evento
Helado de Vainilla,8.94,Congelados,4,65,2025-01-01,S039,Alicante,0,Año Nuevo,Sin Evento
Pan de Molde,1.78,Panadería,3,8,2024-04-19,S049,Murcia,0,Sin Festivo,Sin Evento
Turrón de Almendras,6.39,Alimentación (Navidad),7,11,2024-03-29,S040,Madrid,1,Viernes Santo,Sin Evento
Cerveza Lager,10.88,Bebidas,1,58,2025-03-17,S045,Zaragoza,0,Sin Festivo,Sin Evento
Leche Entera,1.7,Lácteos,7,30,2024-07-30,S001,Murcia,0,Sin Festivo,Sin Evento
Pollo Fresco,7.36,Carnes,5,11,2024-05-26,S032,Sevilla,0,Sin Festivo,Sin Evento
Detergente Líquido,7.06,Limpieza,3,8,2025-07-15,S007,Barcelona,0,Sin Festivo,Sin Evento
Aceite de Oliva,2.58,Alimentación,0,23,2024-12-14,S025,Sevilla,0,Sin Festivo,Sin Evento
Protector Solar,14.29,Cuidado Personal,4,50,2025-09-07,S037,Palma de Mallorca,1,Sin Festivo,Sin Evento
Vino Tinto Rioja,3.65,Bebidas,7,10,2024-07-15,S033,Málaga,0,Sin Festivo,Sin Evento
Protector Solar,5.91,Cuidado Personal,0,10,2024-03-21,S006,Alicante,0,Sin Festivo,Sin Evento
Turrón de Almendras,14.66,Alimentación (Navidad),3,51,2024-05-02,S045,Sevilla,0,Sin Festivo,Sin Evento
Manzanas Fuji,4.67,Frutas y Verduras,2,65,2025-04-25,S046,Zaragoza,0,Sin Festivo,Sin Evento
Pasta Italiana,0.55,Alimentación,9,50,2024-01-12,S017,Málaga,1,Sin Festivo,Sin Evento
Helado de Vainilla,2.45,Congelados,4,106,2025-03-15,S049,Bilbao,0,Sin Festivo,Sin Evento
Pan de Molde,1.26,Panadería,0,25,2025-12-23,S017,Valencia,0,Sin Festivo,Sin Evento
Yogur Natural,0.91,Lácteos,0,40,2025-05-27,S041,Madrid,0,Sin Festivo,Sin Evento
Turrón de Almendras,24.39,Alimentación (Navidad),1,15,2025-09-04,S012,Palma de Mallorca,0,Sin Festivo,Sin Evento
Detergente Líquido,4.92,Limpieza,5,62,2025-12-06,S045,Sevilla,0,Día de la Constitución Española,Sin Evento
Pollo Fresco,8.93,Carnes,3,93,2025-01-17,S044,Bilbao,1,Sin Festivo,Sin Evento
Pan de Molde,1.2,Panadería,7,2,2025-10-19,S018,Sevilla,1,Sin Festivo,Sin Evento
Leche Entera,1.14,Lácteos,6,16,2024-05-02,S017,Valencia,0,Sin Festivo,Sin Evento
Cerveza Lager,4.23,Bebidas,19,66,2024-05-17,S004,Bilbao,1,Sin Festivo,Sin Evento
Pollo Fresco,3.67,Carnes,11,34,2024-10-06,S043,Málaga,0,Sin Festivo,Sin Evento
Pollo Fresco,11.64,Carnes,0,19,2025-06-25,S046,Barcelona,0,Sin Festivo,Sin Evento
Detergente Líquido,2.06,Limpieza,9,113,2024-05-20,S050,Zaragoza,0,Sin Festivo,Sin Evento
Cerveza Lager,1.06,Bebidas,2,149,2025-04-20,S043,Valencia,1,Sin Festivo,Sin Evento
Detergente Líquido,5.49,Limpieza,0,94,2025-05-29,S030,Murcia,0,Sin Festivo,Sin Evento
Yogur Natural,2.87,Lácteos,0,42,2025-02-18,S047,Alicante,0,Sin Festivo,Sin Evento
Detergente Líquido,4.89,Limpieza,0,48,2024-01-06,S042,Barcelona,0,Reyes Magos,Sin Evento
Cerveza Lager,7.55,Bebidas,2,182,2024-12-15,S028,Sevilla,1,Sin Festivo,Sin Evento
Detergente Líquido,4.64,Limpieza,5,20,2024-07-16,S050,Sevilla,0,Sin Festivo,Sin Evento
Pollo Fresco,5.64,Carnes,6,65,2024-10-10,S044,Bilbao,0,Sin Festivo,Sin Evento
Cerveza Lager,5.32,Bebidas,4,9,2025-02-09,S005,Barcelona,0,Sin Festivo,Sin Evento
Protector Solar,9.26,Cuidado Personal,6,21,2025-02-14,S014,Madrid,0,Sin Festivo,Sin Evento
Leche Entera,2.19,Lácteos,0,24,2025-09-25,S017,Madrid,0,Sin Festivo,Sin Evento
Turrón de Almendras,14.22,Alimentación (Navidad),0,10,2025-09-09,S029,Madrid,0,Sin Festivo,Sin Evento
Helado de Vainilla,1.87,Congelados,5,141,2025-10-08,S036,Sevilla,0,Sin Festivo,Sin Evento
Pasta Italiana,1.25,Alimentación,3,32,2025-07-11,S035,Málaga,1,Sin Festivo,Sin Evento
Vino Tinto Rioja,7.39,Bebidas,4,48,2024-04-17,S001,Madrid,0,Sin Festivo,Sin Evento
Yogur Natural,1.17,Lácteos,6,57,2025-11-30,S022,Valencia,0,Sin Festivo,Sin Evento
Detergente Líquido,6.55,Limpieza,3,11,2025-09-18,S050,Bilbao,0,Sin Festivo,Sin Evento
Pan de Molde,0.55,Panadería,0,14,2025-10-15,S043,Valencia,0,Sin Festivo,Evento Deportivo Importante
Leche Entera,0.61,Lácteos,2,28,2025-02-12,S023,Barcelona,0,Sin Festivo,Sin Evento
Leche Entera,0.58,Lácteos,11,24,2024-04-21,S002,Barcelona,0,Sin Festivo,Sin Evento
Yogur Natural,2.5,Lácteos,3,110,2024-03-06,S047,Sevilla,0,Sin Festivo,Sin Evento
Vino Tinto Rioja,7.74,Bebidas,6,55,2024-12-12,S026,Bilbao,0,Sin Festivo,Sin Evento
Cerveza Lager,7.19,Bebidas,8,106,2025-09-24,S030,Sevilla,0,Sin Festivo,Feria Local
Yogur Natural,2.1,Lácteos,0,132,2025-11-14,S021,Bilbao,1,Sin Festivo,Sin Evento
Detergente Líquido,6.4,Limpieza,4,54,2025-08-21,S035,Palma de Mallorca,0,Sin Festivo,Sin Evento
Pan de Molde,1.47,Panadería,2,32,2024-02-18,S036,Bilbao,1,Sin Festivo,Sin Evento
Paraguas,10.93,Hogar,7,37,2024-04-23,S031,Málaga,0,Sin Festivo,Sin Evento
Aceite de Oliva,1.1,Alimentación,6,56,2025-02-10,S039,Bilbao,0,Sin Festivo,Sin Evento
Pasta Italiana,5.26,Alimentación,4,7,2025-01-31,S022,Alicante,1,Sin Festivo,Sin Evento
Detergente Líquido,6.81,Limpieza,0,120,2025-10-30,S023,Málaga,0,Sin Festivo,Sin Evento
Helado de Vainilla,4.7,Congelados,2,40,2024-07-20,S017,Murcia,0,Sin Festivo,Sin Evento
Leche Entera,1.83,Lácteos,4,13,2024-03-16,S019,Sevilla,0,Sin Festivo,Sin Evento
Helado de Vainilla,5.45,Congelados,6,125,2024-05-19,S024,Alicante,0,Sin Festivo,Sin Evento
Papel Higiénico,3.73,Higiene,7,58,2025-08-14,S024,Valencia,0,Sin Festivo,Sin Evento
Yogur Natural,1.04,Lácteos,7,112,2024-08-31,S020,Barcelona,0,Sin Festivo,Sin Evento
Yogur Natural,0.81,Lácteos,0,96,2025-05-22,S008,Bilbao,0,Sin Festivo,Sin Evento
Aceite de Oliva,9.03,Alimentación,5,61,2025-02-02,S014,Málaga,0,Sin Festivo,Sin Evento
Pollo Fresco,13.01,Carnes,3,81,2024-07-31,S026,Murcia,0,Sin Festivo,Sin Evento
Vino Tinto Rioja,2.06,Bebidas,4,77,2024-07-10,S026,Bilbao,0,Sin Festivo,Sin Evento
Detergente Líquido,5.68,Limpieza,1,53,2025-09-11,S033,Bilbao,0,Sin Festivo,Sin Evento
Cerveza Lager,6.15,Bebidas,0,19,2025-08-07,S032,Málaga,0,Sin Festivo,Sin Evento
Pollo Fresco,9.14,Carnes,4,59,2025-09-29,S005,Murcia,0,Sin Festivo,Sin Evento
Manzanas Fuji,0.99,Frutas y Verduras,4,58,2025-03-03,S028,Zaragoza,0,Sin Festivo,Sin Evento
Helado de Vainilla,4.77,Congelados,7,16,2024-05-17,S023,Valencia,0,Sin Festivo,Sin Evento
Aceite de Oliva,5.83,Alimentación,1,93,2025-02-26,S012,Bilbao,0,Sin Festivo,Sin Evento
Papel Higiénico,1.15,Higiene,5,16,2024-05-10,S016,Málaga,1,Sin Festivo,Sin Evento
Papel Higiénico,3.99,Higiene,0,10,2024-01-11,S014,Zaragoza,0,Sin Festivo,Feria Local
Paraguas,18.44,Hogar,0,4,2025-12-23,S013,Alicante,0,Sin Festivo,Sin Evento
Turrón de Almendras,13.4,Alimentación (Navidad),7,22,2025-07-13,S010,Barcelona,0,Sin Festivo,Sin Evento
Pasta Italiana,8.91,Alimentación,2,171,2025-01-12,S032,Alicante,1,Sin Festivo,Sin Evento
Leche Entera,2.75,Lácteos,2,60,2025-09-21,S001,Madrid,1,Sin Festivo,Sin Evento
Manzanas Fuji,3.54,Frutas y Verduras,1,115,2024-07-28,S034,Valencia,1,Sin Festivo,Sin Evento
Protector Solar,5.84,Cuidado Personal,21,2,2025-02-15,S027,Zaragoza,1,Sin Festivo,Sin Evento
Pollo Fresco,4.18,Carnes,4,74,2025-09-09,S036,Palma de Mallorca,0,Sin Festivo,Sin Evento
Aceite de Oliva,7.4,Alimentación,3,64,2024-08-29,S017,Valencia,0,Sin Festivo,Sin Evento
Aceite de Oliva,3.74,Alimentación,8,21,2024-02-03,S049,Bilbao,0,Sin Festivo,Sin Evento
Helado de Vainilla,3.02,Congelados,0,4,2024-05-16,S001,Barcelona,0,Sin Festivo,Sin Evento
Vino Tinto Rioja,5.75,Bebidas,5,37,2025-12-22,S008,Murcia,0,Sin Festivo,Sin Evento
Cerveza Lager,3.87,Bebidas,11,26,2025-01-28,S039,Zaragoza,0,Sin Festivo,Sin Evento
Paraguas,5.14,Hogar,8,17,2024-04-27,S041,Barcelona,0,Sin Festivo,Feria Local
Helado de Vainilla,3.59,Congelados,3,108,2025-10-26,S004,Sevilla,1,Sin Festivo,Sin Evento
Cerveza Lager,3.04,Bebidas,4,0,2024-03-30,S036,Bilbao,0,Sin Festivo,Sin Evento
Aceite de Oliva,5.53,Alimentación,9,63,2024-11-03,S040,Murcia,0,Sin Festivo,Sin Evento
Pollo Fresco,12.91,Carnes,1,8,2025-06-02,S015,Madrid,0,Sin Festivo,Sin Evento
Cerveza Lager,6.77,Bebidas,11,5,2025-04-04,S040,Alicante,1,Sin Festivo,Sin Evento
Manzanas Fuji,4.56,Frutas y Verduras,2,110,2024-07-15,S012,Valencia,0,Sin Festivo,Sin Evento
Turrón de Almendras,23.96,Alimentación (Navidad),0,20,2024-07-07,S022,Madrid,0,Sin Festivo,Sin Evento
Vino Tinto Rioja,1.63,Bebidas,8,9,2024-02-14,S042,Zaragoza,0,Sin Festivo,Sin Evento
Leche Entera,3.4,Lácteos,2,73,2024-11-27,S029,Murcia,0,Sin Festivo,Sin Evento
Helado de Vainilla,7.53,Congelados,2,75,2024-09-02,S020,Palma de Mallorca,0,Sin Festivo,Sin Evento
Vino Tinto Rioja,2.8,Bebidas,13,77,2024-03-31,S032,Zaragoza,1,Sin Festivo,Sin Evento
Pan de Molde,1.24,Panadería,6,31,2024-04-22,S040,Barcelona,0,Sin Festivo,Feria Local
Detergente Líquido,3.4,Limpieza,2,64,2024-01-06,S021,Sevilla,1,Reyes Magos,Sin Evento
Manzanas Fuji,3.33,Frutas y Verduras,4,46,2024-05-16,S028,Valencia,0,Sin Festivo,Sin Evento
Yogur Natural,1.63,Lácteos,11,68,2025-10-05,S020,Zaragoza,1,Sin Festivo,Sin Evento
Protector Solar,7.86,Cuidado Personal,6,49,2024-06-12,S006,Palma de Mallorca,0,Sin Festivo,Sin Evento
Pan de Molde,2.08,Panadería,1,53,2025-02-12,S034,Madrid,0,Sin Festivo,Sin Evento
Papel Higiénico,2.89,Higiene,7,37,2024-12-06,S005,Barcelona,1,Día de la Constitución Española,Sin Evento
Cerveza Lager,10.86,Bebidas,0,162,2025-10-27,S014,Alicante,0,Sin Festivo,Sin Evento
Pollo Fresco,8.86,Carnes,5,11,2024-05-19,S047,Málaga,0,Sin Festivo,Sin Evento
Pasta Italiana,9.46,Alimentación,6,36,2024-05-28,S020,Murcia,0,Sin Festivo,Sin Evento
Yogur Natural,1.45,Lácteos,1,126,2024-05-23,S021,Bilbao,0,Sin Festivo,Sin Evento
Pollo Fresco,5.16,Carnes,14,80,2025-10-25,S037,Murcia,0,Sin Festivo,Sin Evento
Cerveza Lager,7.02,Bebidas,22,65,2025-09-06,S026,Murcia,1,Sin Festivo,Sin Evento
Papel Higiénico,2.13,Higiene,6,77,2025-07-02,S042,Barcelona,0,Sin Festivo,Sin Evento
Leche Entera,0.58,Lácteos,7,51,2025-01-19,S035,Valencia,1,Sin Festivo,Sin Evento
Detergente Líquido,2.06,Limpieza,3,120,2024-04-29,S043,Valencia,0,Sin Festivo,Sin Evento
Leche Entera,0.6,Lácteos,6,0,2025-01-11,S020,Palma de Mallorca,0,Sin Festivo,Sin Evento
Vino Tinto Rioja,9.78,Bebidas,11,15,2025-12-03,S017,Bilbao,0,Sin Festivo,Sin Evento
Yogur Natural,2.97,Lácteos,3,61,2024-09-11,S033,Palma de Mallorca,0,Sin Festivo,Sin Evento
Paraguas,17.32,Hogar,0,43,2025-05-07,S022,Barcelona,0,Sin Festivo,Sin Evento
Cerveza Lager,5.6,Bebidas,1,146,2024-09-22,S016,Barcelona,1,Sin Festivo,Sin Evento
Manzanas Fuji,5.22,Frutas y Verduras,2,104,2024-01-14,S014,Palma de Mallorca,0,Sin Festivo,Sin Evento
Leche Entera,1.95,Lácteos,3,12,2024-10-20,S019,Valencia,0,Sin Festivo,Sin Evento
Vino Tinto Rioja,4.4,Bebidas,4,8,2024-05-28,S044,Madrid,0,Sin Festivo,Sin Evento
Leche Entera,1.11,Lácteos,11,7,2024-04-20,S049,Bilbao,0,Sin Festivo,Sin Evento
Yogur Natural,0.68,Lácteos,7,42,2024-03-12,S048,Málaga,0,Sin Festivo,Sin Evento
Paraguas,15.58,Hogar,1,12,2024-02-01,S028,Alicante,0,Sin Festivo,Sin Evento
Vino Tinto Rioja,9.36,Bebidas,0,24,2025-07-26,S041,Málaga,1,Sin Festivo,Sin Evento
Detergente Líquido,3.77,Limpieza,0,12,2024-07-14,S030,Sevilla,1,Sin Festivo,Sin Evento
Cerveza Lager,9.47,Bebidas,7,66,2024-07-02,S022,Murcia,0,Sin Festivo,Sin Evento
Pan de Molde,0.99,Panadería,4,2,2025-02-25,S013,Madrid,0,Sin Festivo,Sin Evento
Manzanas Fuji,5.21,Frutas y Verduras,2,139,2024-10-10,S048,Málaga,0,Sin Festivo,Sin Evento
Aceite de Oliva,8.64,Alimentación,2,91,2025-07-06,S023,Sevilla,0,Sin Festivo,Sin Evento
Pollo Fresco,14.37,Carnes,2,11,2025-10-01,S011,Málaga,0,Sin Festivo,Sin Evento
Paraguas,18.31,Hogar,3,32,2024-02-28,S041,Bilbao,0,Sin Festivo,Sin Evento
Pasta Italiana,4.09,Alimentación,0,192,2024-09-25,S032,Alicante,0,Sin Festivo,Sin Evento
Leche Entera,0.87,Lácteos,1,0,2025-11-02,S028,Sevilla,1,Sin Festivo,Sin Evento
Protector Solar,7.69,Cuidado Personal,5,0,2025-08-08,S002,Madrid,0,Sin Festivo,Sin Evento
Manzanas Fuji,2.08,Frutas y Verduras,10,89,2024-11-03,S047,Murcia,1,Sin Festivo,Sin Evento
Cerveza Lager,3.74,Bebidas,9,180,2024-02-16,S035,Murcia,1,Sin Festivo,Sin Evento
Detergente Líquido,2.36,Limpieza,20,147,2024-02-17,S031,Valencia,1,Sin Festivo,Sin Evento
Papel Higiénico,3.8,Higiene,5,27,2025-09-21,S022,Zaragoza,1,Sin Festivo,Sin Evento
Vino Tinto Rioja,5.42,Bebidas,0,39,2024-03-04,S050,Valencia,0,Sin Festivo,Sin Evento
Papel Higiénico,3.57,Higiene,10,46,2025-02-01,S006,Madrid,1,Sin Festivo,Sin Evento
Vino Tinto Rioja,5.12,Bebidas,5,19,2024-02-08,S006,Sevilla,0,Sin Festivo,Mercado Semanal
Vino Tinto Rioja,4.01,Bebidas,9,12,2024-03-01,S041,Alicante,1,Sin Festivo,Sin Evento
Yogur Natural,1.15,Lácteos,12,48,2024-10-08,S045,Murcia,0,Sin Festivo,Sin Evento
Aceite de Oliva,3.26,Alimentación,1,79,2025-01-02,S037,Palma de Mallorca,0,Sin Festivo,Sin Evento
Protector Solar,3.71,Cuidado Personal,5,0,2025-12-19,S020,Sevilla,1,Sin Festivo,Sin Evento
Detergente Líquido,4.29,Limpieza,1,26,2024-08-21,S038,Murcia,0,Sin Festivo,Sin Evento
Pan de Molde,2.39,Panadería,2,10,2024-12-11,S018,Alicante,0,Sin Festivo,Sin Evento
Pollo Fresco,8.06,Carnes,0,72,2025-04-02,S010,Málaga,0,Sin Festivo,Sin Evento
Pollo Fresco,3.08,Carnes,9,90,2025-05-30,S022,Madrid,1,Sin Festivo,Sin Evento
Turrón de Almendras,21.95,Alimentación (Navidad),2,5,2024-04-10,S033,Murcia,0,Sin Festivo,Sin Evento
Papel Higiénico,1.93,Higiene,8,28,2025-01-04,S044,Bilbao,1,Sin Festivo,Sin Evento
Cerveza Lager,4.8,Bebidas,2,109,2025-12-01,S049,Barcelona,0,Sin Festivo,Sin Evento
Paraguas,17.37,Hogar,3,0,2024-10-24,S044,Barcelona,0,Sin Festivo,Sin Evento
Leche Entera,1.95,Lácteos,8,26,2025-06-03,S001,Valencia,0,Sin Festivo,Feria Local
Paraguas,5.14,Hogar,0,8,2025-06-27,S008,Barcelona,1,Sin Festivo,Sin Evento
Yogur Natural,0.83,Lácteos,7,89,2024-05-13,S004,Zaragoza,0,Sin Festivo,Sin Evento
Turrón de Almendras,21.72,Alimentación (Navidad),5,27,2025-09-02,S033,Sevilla,0,Sin Festivo,Sin Evento
Detergente Líquido,2.66,Limpieza,4,113,2025-12-30,S045,Sevilla,0,Sin Festivo,Sin Evento
Papel Higiénico,3.49,Higiene,0,3,2024-04-01,S043,Barcelona,0,Sin Festivo,Sin Evento
Yogur Natural,1.9,Lácteos,6,23,2024-04-01,S039,Málaga,0,Sin Festivo,Sin Evento
Aceite de Oliva,3.17,Alimentación,3,87,2024-02-21,S014,Sevilla,0,Sin Festivo,Sin Evento
Protector Solar,6.06,Cuidado Personal,2,62,2025-11-17,S010,Palma de Mallorca,0,Sin Festivo,Sin Evento
Pasta Italiana,4.76,Alimentación,6,54,2025-12-13,S033,Palma de Mallorca,0,Sin Festivo,Sin Evento
Paraguas,8.04,Hogar,3,0,2025-09-08,S019,Sevilla,0,Sin Festivo,Evento Deportivo Importante
Leche Entera,2.79,Lácteos,5,26,2024-07-09,S018,Valencia,0,Sin Festivo,Sin Evento
Pan de Molde,2.11,Panadería,0,30,2025-09-09,S042,Madrid,0,Sin Festivo,Sin Evento
Vino Tinto Rioja,10.83,Bebidas,3,41,2025-12-20,S014,Valencia,1,Sin Festivo,Sin Evento
Helado de Vainilla,6.68,Congelados,2,61,2024-01-29,S037,Palma de Mallorca,0,Sin Festivo,Sin Evento
Turrón de Almendras,21.02,Alimentación (Navidad),0,7,2024-06-15,S034,Málaga,0,Sin Festivo,Sin Evento
Paraguas,14.46,Hogar,4,27,2024-12-20,S046,Valencia,1,Sin Festivo,Sin Evento
Helado de Vainilla,4.19,Congelados,0,78,2024-02-25,S026,Madrid,1,Sin Festivo,Sin Evento
Protector Solar,14.77,Cuidado Personal,2,60,2025-02-16,S031,Málaga,1,Sin Festivo,Sin Evento
Paraguas,16.48,Hogar,1,22,2024-04-27,S029,Alicante,0,Sin Festivo,Sin Evento
Aceite de Oliva,2.19,Alimentación,11,42,2024-12-15,S013,Zaragoza,1,Sin Festivo,Sin Evento
Turrón de Almendras,8.12,Alimentación (Navidad),5,0,2024-09-18,S016,Sevilla,0,Sin Festivo,Sin Evento
Aceite de Oliva,6.89,Alimentación,2,59,2024-09-14,S013,Sevilla,0,Sin Festivo,Sin Evento
Paraguas,8.37,Hogar,0,10,2024-03-18,S022,Valencia,0,Sin Festivo,Sin Evento
Protector Solar,3.53,Cuidado Personal,6,38,2024-11-17,S014,Málaga,1,Sin Festivo,Sin Evento
Pan de Molde,1.59,Panadería,5,16,2024-03-24,S033,Madrid,0,Sin Festivo,Sin Evento
Paraguas,8.03,Hogar,28,0,2025-05-10,S012,Sevilla,1,Sin Festivo,Sin Evento
Pan de Molde,2.8,Panadería,2,27,2025-09-02,S001,Alicante,0,Sin Festivo,Sin Evento
Protector Solar,6.98,Cuidado Personal,2,49,2025-11-12,S028,Alicante,0,Sin Festivo,Sin Evento
Helado de Vainilla,6.59,Congelados,1,153,2025-06-05,S025,Sevilla,0,Sin Festivo,Sin Evento
Pan de Molde,0.51,Panadería,3,50,2024-12-19,S028,Palma de Mallorca,0,Sin Festivo,Sin Evento
Manzanas Fuji,5.3,Frutas y Verduras,2,16,2024-03-14,S011,Palma de Mallorca,0,Sin Festivo,Mercado Semanal
Pan de Molde,2.48,Panadería,2,15,2024-12-04,S021,Sevilla,0,Sin Festivo,Feria Local
Turrón de Almendras,9.17,Alimentación (Navidad),7,2,2025-08-22,S024,Madrid,1,Sin Festivo,Sin Evento
Vino Tinto Rioja,7.54,Bebidas,4,78,2024-03-22,S034,Murcia,1,Sin Festivo,Sin Evento
Cerveza Lager,7.63,Bebidas,0,186,2024-10-16,S009,Palma de Mallorca,0,Sin Festivo,Sin Evento
Protector Solar,12.97,Cuidado Personal,0,38,2025-10-29,S024,Alicante,0,Sin Festivo,Sin Evento
Helado de Vainilla,2.22,Congelados,3,112,2024-09-30,S008,Málaga,0,Sin Festivo,Sin Evento
Pan de Molde,2.35,Panadería,1,50,2025-12-06,S016,Alicante,0,Día de la Constitución Española,Sin Evento
Protector Solar,10.81,Cuidado Personal,0,11,2025-02-12,S036,Palma de Mallorca,0,Sin Festivo,Sin Evento
Detergente Líquido,2.0,Limpieza,5,38,2024-08-03,S024,Murcia,1,Sin Festivo,Sin Evento
Protector Solar,3.39,Cuidado Personal,0,41,2024-12-17,S035,Zaragoza,0,Sin Festivo,Sin Evento
Manzanas Fuji,1.16,Frutas y Verduras,7,21,2025-12-20,S015,Sevilla,0,Sin Festivo,Sin Evento
Cerveza Lager,4.23,Bebidas,5,13,2025-11-12,S008,Valencia,0,Sin Festivo,Sin Evento
Pasta Italiana,4.92,Alimentación,5,28,2024-12-13,S029,Zaragoza,0,Sin Festivo,Sin Evento
Aceite de Oliva,8.91,Alimentación,0,104,2025-03-12,S014,Zaragoza,0,Sin Festivo,Sin Evento
Helado de Vainilla,1.99,Congelados,14,110,2025-09-14,S022,Alicante,1,Sin Festivo,Sin Evento
Detergente Líquido,5.45,Limpieza,3,82,2025-04-12,S024,Barcelona,0,Sin Festivo,Sin Evento
Pasta Italiana,5.31,Alimentación,2,177,2024-07-17,S004,Barcelona,0,Sin Festivo,Sin Evento
Pasta Italiana,5.25,Alimentación,6,158,2025-08-09,S040,Murcia,0,Sin Festivo,Sin Evento
Pollo Fresco,10.76,Carnes,0,65,2025-02-11,S032,Valencia,0,Sin Festivo,Sin Evento
Papel Higiénico,5.81,Higiene,0,24,2024-07-16,S042,Madrid,0,Sin Festivo,Sin Evento
Pan de Molde,0.75,Panadería,0,12,2025-11-22,S038,Valencia,0,Sin Festivo,Sin Evento
Helado de Vainilla,1.8,Congelados,3,0,2025-05-19,S005,Bilbao,0,Sin Festivo,Sin Evento
Papel Higiénico,2.71,Higiene,0,56,2024-12-31,S029,Murcia,0,Sin Festivo,Sin Evento
Pan de Molde,0.56,Panadería,3,25,2024-05-08,S041,Sevilla,0,Sin Festivo,Sin Evento
Turrón de Almendras,22.81,Alimentación (Navidad),1,46,2024-01-30,S030,Zaragoza,0,Sin Festivo,Sin Evento
Protector Solar,7.02,Cuidado Personal,2,56,2025-12-01,S032,Málaga,0,Sin Festivo,Sin Evento
Pollo Fresco,9.96,Carnes,4,50,2024-04-26,S037,Bilbao,0,Sin Festivo,Sin Evento
Leche Entera,2.96,Lácteos,2,6,2024-08-01,S039,Madrid,0,Sin Festivo,Sin Evento
Manzanas Fuji,1.05,Frutas y Verduras,6,73,2025-05-29,S011,Murcia,0,Sin Festivo,Sin Evento
Cerveza Lager,5.34,Bebidas,4,112,2025-07-21,S020,Alicante,0,Sin Festivo,Sin Evento
Cerveza Lager,2.29,Bebidas,7,159,2024-07-24,S001,Alicante,0,Sin Festivo,Sin Evento
Helado de Vainilla,3.92,Congelados,3,145,2024-05-24,S043,Madrid,1,Sin Festivo,Sin Evento
Protector Solar,11.88,Cuidado Personal,2,30,2025-02-06,S029,Palma de Mallorca,0,Sin Festivo,Sin Evento
Papel Higiénico,1.48,Higiene,10,19,2025-01-13,S001,Málaga,0,Sin Festivo,Sin Evento
Pollo Fresco,13.89,Carnes,1,8,2025-08-20,S030,Barcelona,0,Sin Festivo,Sin Evento
Cerveza Lager,6.75,Bebidas,3,121,2024-12-16,S020,Murcia,0,Sin Festivo,Sin Evento
Cerveza Lager,0.74,Bebidas,4,100,2024-01-05,S007,Barcelona,1,Sin Festivo,Sin Evento
Pollo Fresco,12.02,Carnes,0,56,2024-06-17,S027,Zaragoza,0,Sin Festivo,Sin Evento
Yogur Natural,3.46,Lácteos,1,69,2025-02-10,S034,Málaga,0,Sin Festivo,Sin Evento
Helado de Vainilla,1.66,Congelados,2,94,2025-12-15,S033,Barcelona,0,Sin Festivo,Sin Evento
Helado de Vainilla,3.24,Congelados,4,146,2024-04-12,S024,Palma de Mallorca,0,Sin Festivo,Sin Evento
Detergente Líquido,2.87,Limpieza,13,37,2024-08-03,S042,Zaragoza,0,Sin Festivo,Sin Evento
Pollo Fresco,8.88,Carnes,5,55,2024-02-06,S001,Valencia,0,Sin Festivo,Sin Evento
Turrón de Almendras,16.94,Alimentación (Navidad),21,29,2025-12-31,S012,Sevilla,0,Sin Festivo,Sin Evento
Vino Tinto Rioja,6.26,Bebidas,5,41,2024-06-11,S044,Zaragoza,0,Sin Festivo,Sin Evento
Pan de Molde,2.26,Panadería,3,39,2024-12-11,S049,Bilbao,0,Sin Festivo,Sin Evento
Protector Solar,11.23,Cuidado Personal,5,57,2025-11-21,S040,Sevilla,1,Sin Festivo,Sin Evento
Vino Tinto Rioja,2.33,Bebidas,5,65,2024-09-16,S039,Barcelona,0,Sin Festivo,Sin Evento
Helado de Vainilla,5.71,Congelados,1,122,2025-01-16,S005,Murcia,0,Sin Festivo,Sin Evento
Protector Solar,8.16,Cuidado Personal,2,20,2024-10-20,S019,Bilbao,0,Sin Festivo,Sin Evento
Protector Solar,3.63,Cuidado Personal,5,64,2025-03-26,S015,Alicante,0,Sin Festivo,Sin Evento
Yogur Natural,0.98,Lácteos,18,27,2025-04-13,S002,Madrid,1,Sin Festivo,Sin Evento
Paraguas,10.52,Hogar,8,22,2024-11-29,S019,Barcelona,1,Sin Festivo,Evento Deportivo Importante
Papel Higiénico,1.9,Higiene,5,57,2024-09-11,S041,Alicante,0,Sin Festivo,Sin Evento
Papel Higiénico,4.76,Higiene,2,45,2025-06-27,S003,Bilbao,0,Sin Festivo,Sin Evento
Manzanas Fuji,3.35,Frutas y Verduras,1,72,2024-10-28,S039,Málaga,0,Sin Festivo,Sin Evento
Aceite de Oliva,6.78,Alimentación,3,52,2025-11-23,S022,Sevilla,0,Sin Festivo,Sin Evento
Papel Higiénico,3.37,Higiene,3,16,2025-07-12,S032,Sevilla,1,Sin Festivo,Sin Evento
Vino Tinto Rioja,6.24,Bebidas,2,9,2024-03-31,S022,Alicante,1,Sin Festivo,Sin Evento
Vino Tinto Rioja,8.51,Bebidas,2,14,2025-05-20,S046,Valencia,0,Sin Festivo,Sin Evento
Vino Tinto Rioja,10.04,Bebidas,2,32,2025-01-05,S042,Palma de Mallorca,0,Sin Festivo,Sin Evento
Manzanas Fuji,5.44,Frutas y Verduras,2,145,2025-09-15,S018,Madrid,0,Sin Festivo,Sin Evento
Pasta Italiana,5.84,Alimentación,3,19,2024-10-07,S039,Palma de Mallorca,0,Sin Festivo,Sin Evento
Cerveza Lager,4.78,Bebidas,7,107,2025-12-19,S002,Bilbao,0,Sin Festivo,Sin Evento
Pasta Italiana,7.85,Alimentación,6,100,2025-07-20,S048,Zaragoza,0,Sin Festivo,Sin Evento
Detergente Líquido,1.81,Limpieza,0,160,2024-12-15,S002,Valencia,1,Sin Festivo,Festival de Música
Aceite de Oliva,2.52,Alimentación,18,8,2024-11-01,S047,Palma de Mallorca,1,Todos los Santos,Sin Evento
Detergente Líquido,5.44,Limpieza,4,110,2024-02-07,S045,Barcelona,0,Sin Festivo,Sin Evento
Pollo Fresco,4.33,Carnes,5,93,2025-08-06,S014,Murcia,0,Sin Festivo,Sin Evento
Protector Solar,7.77,Cuidado Personal,0,3,2024-06-18,S034,Barcelona,0,Sin Festivo,Sin Evento
Papel Higiénico,5.08,Higiene,1,9,2025-12-24,S035,Palma de Mallorca,0,Sin Festivo,Sin Evento
Yogur Natural,2.12,Lácteos,1,97,2024-04-26,S040,Palma de Mallorca,0,Sin Festivo,Sin Evento
Helado de Vainilla,5.23,Congelados,6,103,2024-12-07,S026,Alicante,0,Sin Festivo,Sin Evento
Leche Entera,1.6,Lácteos,0,13,2025-02-08,S028,Zaragoza,0,Sin Festivo,Sin Evento
Turrón de Almendras,16.88,Alimentación (Navidad),2,18,2024-06-24,S010,Sevilla,0,Sin Festivo,Sin Evento
Paraguas,5.32,Hogar,6,42,2025-03-21,S026,Palma de Mallorca,1,Sin Festivo,Sin Evento
Papel Higiénico,3.1,Higiene,4,61,2024-06-05,S019,Palma de Mallorca,0,Sin Festivo,Sin Evento
Manzanas Fuji,3.2,Frutas y Verduras,3,139,2024-07-05,S008,Alicante,1,Sin Festivo,Sin Evento
Pollo Fresco,3.58,Carnes,2,15,2025-06-14,S012,Valencia,1,Sin Festivo,Sin Evento
Pasta Italiana,2.25,Alimentación,1,106,2025-04-25,S046,Bilbao,0,Sin Festivo,Sin Evento
Manzanas Fuji,2.64,Frutas y Verduras,4,19,2024-02-10,S011,Palma de Mallorca,0,Sin Festivo,Sin Evento
Pasta Italiana,1.65,Alimentación,4,17,2025-05-01,S001,Bilbao,0,Día del Trabajo,Sin Evento
Paraguas,5.64,Hogar,3,16,2025-10-08,S007,Alicante,0,Sin Festivo,Sin Evento
Helado de Vainilla,5.75,Congelados,0,118,2024-01-28,S001,Alicante,1,Sin Festivo,Sin Evento
Pasta Italiana,5.38,Alimentación,11,135,2025-03-29,S049,Murcia,1,Sin Festivo,Sin Evento
Protector Solar,6.25,Cuidado Personal,8,66,2024-09-25,S025,Madrid,0,Sin Festivo,Sin Evento
Leche Entera,2.14,Lácteos,3,23,2024-07-11,S031,Zaragoza,0,Sin Festivo,Sin Evento
Manzanas Fuji,1.34,Frutas y Verduras,7,19,2025-05-08,S013,Barcelona,0,Sin Festivo,Sin Evento
Detergente Líquido,7.2,Limpieza,3,131,2025-05-04,S001,Bilbao,1,Sin Festivo,Sin Evento
Cerveza Lager,3.98,Bebidas,4,85,2025-08-04,S009,Málaga,0,Sin Festivo,Sin Evento
Detergente Líquido,1.25,Limpieza,3,144,2024-10-01,S021,Barcelona,0,Sin Festivo,Sin Evento
Aceite de Oliva,6.28,Alimentación,4,98,2024-03-31,S035,Barcelona,0,Sin Festivo,Sin Evento
Helado de Vainilla,3.79,Congelados,11,36,2025-11-30,S002,Barcelona,1,Sin Festivo,Sin Evento
Manzanas Fuji,5.52,Frutas y Verduras,2,110,2025-10-11,S043,Madrid,0,Sin Festivo,Sin Evento
Yogur Natural,2.94,Lácteos,1,4,2025-11-30,S031,Valencia,0,Sin Festivo,Sin Evento
Protector Solar,11.33,Cuidado Personal,1,75,2024-06-01,S041,Alicante,0,Sin Festivo,Sin Evento
Cerveza Lager,8.83,Bebidas,5,138,2024-01-13,S012,Zaragoza,1,Sin Festivo,Sin Evento
Cerveza Lager,9.43,Bebidas,3,129,2025-02-27,S022,Alicante,0,Sin Festivo,Sin Evento
Aceite de Oliva,2.16,Alimentación,3,108,2025-03-20,S003,Valencia,0,Sin Festivo,Sin Evento
Detergente Líquido,3.49,Limpieza,2,82,2025-05-01,S012,Sevilla,0,Día del Trabajo,Sin Evento
Helado de Vainilla,6.07,Congelados,1,0,2024-11-28,S003,Sevilla,0,Sin Festivo,Sin Evento
Pan de Molde,0.99,Panadería,6,45,2024-11-02,S050,Zaragoza,1,Sin Festivo,Sin Evento
Turrón de Almendras,16.3,Alimentación (Navidad),9,11,2024-05-05,S022,Zaragoza,1,Sin Festivo,Sin Evento
Cerveza Lager,3.61,Bebidas,10,179,2024-12-28,S021,Palma de Mallorca,1,Sin Festivo,Sin Evento
Pan de Molde,2.83,Panadería,2,42,2025-04-24,S037,Alicante,0,Sin Festivo,Sin Evento
Protector Solar,13.61,Cuidado Personal,1,32,2024-02-28,S045,Bilbao,0,Sin Festivo,Sin Evento
Pasta Italiana,8.27,Alimentación,0,12,2024-12-25,S034,Valencia,0,Navidad,Sin Evento
Paraguas,16.59,Hogar,2,12,2025-05-22,S015,Madrid,0,Sin Festivo,Sin Evento
Protector Solar,8.99,Cuidado Personal,5,44,2025-10-01,S002,Bilbao,0,Sin Festivo,Sin Evento
Manzanas Fuji,3.44,Frutas y Verduras,3,71,2025-10-07,S020,Barcelona,0,Sin Festivo,Sin Evento
Pollo Fresco,12.39,Carnes,0,37,2025-08-06,S044,Valencia,0,Sin Festivo,Sin Evento
Vino Tinto Rioja,8.4,Bebidas,4,40,2025-07-14,S031,Zaragoza,0,Sin Festivo,Sin Evento
Paraguas,13.97,Hogar,0,44,2025-04-26,S019,Bilbao,1,Sin Festivo,Sin Evento
Paraguas,6.76,Hogar,5,26,2025-05-30,S042,Madrid,1,Sin Festivo,Sin Evento
Helado de Vainilla,7.3,Congelados,0,134,2024-12-20,S046,Palma de Mallorca,1,Sin Festivo,Sin Evento
Protector Solar,8.14,Cuidado Personal,12,42,2024-01-30,S049,Zaragoza,0,Sin Festivo,Feria Local
Turrón de Almendras,11.55,Alimentación (Navidad),5,0,2024-10-26,S011,Alicante,1,Sin Festivo,Sin Evento
Paraguas,16.43,Hogar,2,26,2025-11-19,S004,Sevilla,0,Sin Festivo,Sin Evento
Papel Higiénico,3.39,Higiene,4,13,2025-02-11,S001,Madrid,0,Sin Festivo,Sin Evento
Cerveza Lager,0.75,Bebidas,8,121,2024-06-15,S039,Palma de Mallorca,1,Sin Festivo,Sin Evento
Paraguas,11.29,Hogar,6,0,2025-04-25,S010,Palma de Mallorca,1,Sin Festivo,Sin Evento
Yogur Natural,2.99,Lácteos,1,121,2024-04-26,S037,Palma de Mallorca,0,Sin Festivo,Sin Evento
Turrón de Almendras,19.9,Alimentación (Navidad),2,17,2025-11-20,S020,Sevilla,0,Sin Festivo,Sin Evento
Helado de Vainilla,6.48,Congelados,0,109,2024-06-15,S015,Alicante,0,Sin Festivo,Sin Evento
Aceite de Oliva,3.52,Alimentación,3,29,2025-01-15,S035,Palma de Mallorca,0,Sin Festivo,Sin Evento
Turrón de Almendras,3.86,Alimentación (Navidad),21,0,2024-12-24,S040,Zaragoza,0,Sin Festivo,Sin Evento
Vino Tinto Rioja,5.45,Bebidas,13,43,2024-05-04,S034,Sevilla,0,Sin Festivo,Sin Evento
Pollo Fresco,4.19,Carnes,4,63,2025-10-20,S047,Madrid,0,Sin Festivo,Sin Evento
Pan de Molde,0.48,Panadería,3,48,2025-04-25,S001,Palma de Mallorca,1,Sin Festivo,Sin Evento
Yogur Natural,2.18,Lácteos,1,23,2024-05-24,S033,Zaragoza,1,Sin Festivo,Sin Evento
Manzanas Fuji,4.91,Frutas y Verduras,3,155,2025-11-04,S025,Barcelona,0,Sin Festivo,Sin Evento
Helado de Vainilla,7.67,Congelados,0,6,2025-06-10,S045,Zaragoza,0,Sin Festivo,Sin Evento
Manzanas Fuji,2.05,Frutas y Verduras,7,53,2025-06-26,S049,Murcia,0,Sin Festivo,Sin Evento
Turrón de Almendras,12.04,Alimentación (Navidad),3,59,2025-04-21,S021,Palma de Mallorca,0,Sin Festivo,Sin Evento
Turrón de Almendras,3.76,Alimentación (Navidad),23,37,2024-02-24,S013,Alicante,1,Sin Festivo,Sin Evento
Helado de Vainilla,1.57,Congelados,5,18,2025-02-13,S003,Málaga,0,Sin Festivo,Sin Evento
Pollo Fresco,9.49,Carnes,4,36,2025-02-09,S001,Sevilla,1,Sin Festivo,Sin Evento
Pasta Italiana,4.68,Alimentación,4,19,2024-04-10,S018,Valencia,0,Sin Festivo,Sin Evento
Pan de Molde,1.11,Panadería,2,44,2025-09-20,S007,Murcia,0,Sin Festivo,Sin Evento
Pollo Fresco,4.41,Carnes,4,68,2024-01-23,S037,Valencia,0,Sin Festivo,Sin Evento
Pollo Fresco,12.02,Carnes,3,62,2025-07-14,S044,Valencia,0,Sin Festivo,Sin Evento
Protector Solar,3.85,Cuidado Personal,7,62,2024-11-03,S001,Murcia,1,Sin Festivo,Sin Evento
Yogur Natural,1.33,Lácteos,4,110,2025-10-23,S038,Palma de Mallorca,0,Sin Festivo,Sin Evento
Helado de Vainilla,4.5,Congelados,6,61,2025-08-15,S010,Valencia,1,Asunción de la Virgen,Sin Evento
Pollo Fresco,12.91,Carnes,1,0,2025-01-20,S028,Zaragoza,0,Sin Festivo,Sin Evento
Paraguas,15.2,Hogar,10,12,2025-11-16,S004,Barcelona,0,Sin Festivo,Sin Evento
Pollo Fresco,9.53,Carnes,8,34,2024-07-12,S046,Palma de Mallorca,0,Sin Festivo,Sin Evento
Yogur Natural,2.55,Lácteos,7,20,2025-11-22,S004,Palma de Mallorca,1,Sin Festivo,Sin Evento
Pollo Fresco,12.73,Carnes,2,74,2025-11-02,S038,Valencia,0,Sin Festivo,Sin Evento
Vino Tinto Rioja,10.09,Bebidas,0,26,2025-12-16,S031,Bilbao,0,Sin Festivo,Sin Evento
Pan de Molde,1.98,Panadería,6,25,2025-04-19,S033,Valencia,0,Sin Festivo,Sin Evento
Vino Tinto Rioja,9.17,Bebidas,4,2,2025-12-02,S017,Palma de Mallorca,0,Sin Festivo,Sin Evento
Paraguas,13.54,Hogar,6,45,2025-11-01,S009,Murcia,0,Todos los Santos,Sin Evento
Cerveza Lager,2.7,Bebidas,6,69,2025-10-18,S025,Madrid,0,Sin Festivo,Sin Evento
Vino Tinto Rioja,4.7,Bebidas,2,93,2025-08-29,S010,Sevilla,1,Sin Festivo,Sin Evento
Paraguas,14.59,Hogar,1,38,2025-11-15,S015,Bilbao,0,Sin Festivo,Sin Evento
Helado de Vainilla,2.59,Congelados,8,142,2025-08-26,S034,Sevilla,0,Sin Festivo,Sin Evento
Papel Higiénico,3.38,Higiene,6,1,2024-03-28,S018,Palma de Mallorca,0,Jueves Santo,Sin Evento
Papel Higiénico,2.03,Higiene,0,64,2024-06-21,S028,Bilbao,1,Sin Festivo,Sin Evento
Yogur Natural,1.58,Lácteos,3,42,2024-05-17,S016,Valencia,1,Sin Festivo,Sin Evento
Vino Tinto Rioja,0.83,Bebidas,3,50,2025-11-11,S019,Málaga,0,Sin Festivo,Sin Evento
Pasta Italiana,0.79,Alimentación,2,98,2024-05-10,S034,Madrid,0,Sin Festivo,Sin Evento
Manzanas Fuji,2.44,Frutas y Verduras,0,131,2025-07-25,S012,Palma de Mallorca,0,Sin Festivo,Sin Evento
Helado de Vainilla,3.9,Congelados,5,58,2025-10-10,S029,Zaragoza,1,Sin Festivo,Sin Evento
Paraguas,10.34,Hogar,3,14,2025-06-26,S032,Valencia,0,Sin Festivo,Festival de Música
Pollo Fresco,3.09,Carnes,6,43,2025-01-07,S027,Bilbao,0,Sin Festivo,Sin Evento
Pan de Molde,0.35,Panadería,7,21,2024-09-28,S049,Murcia,1,Sin Festivo,Sin Evento
Papel Higiénico,3.69,Higiene,0,82,2024-08-18,S033,Barcelona,1,Sin Festivo,Sin Evento
Pasta Italiana,2.79,Alimentación,3,153,2025-06-17,S026,Palma de Mallorca,0,Sin Festivo,Sin Evento
Vino Tinto Rioja,8.63,Bebidas,3,43,2025-10-03,S022,Palma de Mallorca,1,Sin Festivo,Sin Evento
Leche Entera,1.99,Lácteos,5,0,2024-06-07,S030,Sevilla,0,Sin Festivo,Evento Deportivo Importante
Pan de Molde,1.25,Panadería,19,0,2025-12-27,S035,Alicante,1,Sin Festivo,Sin Evento
Pan de Molde,1.74,Panadería,0,40,2024-04-11,S020,Málaga,0,Sin Festivo,Sin Evento
Detergente Líquido,6.87,Limpieza,2,181,2024-11-16,S024,Palma de Mallorca,1,Sin Festivo,Sin Evento
Detergente Líquido,1.61,Limpieza,1,145,2024-03-08,S025,Málaga,1,Sin Festivo,Sin Evento
Papel Higiénico,3.33,Higiene,0,72,2024-04-03,S010,Madrid,0,Sin Festivo,Sin Evento
Protector Solar,9.82,Cuidado Personal,3,2,2024-03-25,S022,Valencia,0,Sin Festivo,Sin Evento
Detergente Líquido,7.28,Limpieza,1,88,2025-07-08,S046,Alicante,0,Sin Festivo,Sin Evento
Aceite de Oliva,6.0,Alimentación,5,21,2025-08-18,S035,Zaragoza,0,Sin Festivo,Concierto Grande
Cerveza Lager,4.98,Bebidas,7,79,2024-10-06,S019,Palma de Mallorca,0,Sin Festivo,Sin Evento
Vino Tinto Rioja,8.47,Bebidas,4,68,2025-01-05,S013,Murcia,0,Sin Festivo,Sin Evento
Aceite de Oliva,3.78,Alimentación,0,2,2024-08-19,S016,Palma de Mallorca,0,Sin Festivo,Sin Evento
Pan de Molde,2.6,Panadería,3,19,2025-02-21,S007,Valencia,0,Sin Festivo,Sin Evento
Pasta Italiana,2.63,Alimentación,4,167,2024-08-30,S042,Málaga,1,Sin Festivo,Sin Evento
Aceite de Oliva,5.85,Alimentación,5,33,2024-03-07,S030,Valencia,0,Sin Festivo,Sin Evento
Manzanas Fuji,1.48,Frutas y Verduras,8,51,2025-10-01,S041,Alicante,0,Sin Festivo,Sin Evento
Detergente Líquido,6.67,Limpieza,2,114,2025-10-18,S034,Bilbao,1,Sin Festivo,Sin Evento
Detergente Líquido,3.09,Limpieza,3,120,2025-10-27,S019,Sevilla,0,Sin Festivo,Sin Evento
Cerveza Lager,3.46,Bebidas,5,16,2024-11-21,S006,Zaragoza,0,Sin Festivo,Sin Evento
Turrón de Almendras,4.8,Alimentación (Navidad),6,32,2024-10-15,S047,Alicante,0,Sin Festivo,Sin Evento
Yogur Natural,1.45,Lácteos,2,113,2024-01-03,S017,Bilbao,0,Sin Festivo,Sin Evento
Leche Entera,1.51,Lácteos,25,11,2025-03-30,S035,Bilbao,1,Sin Festivo,Mercado Semanal
Pollo Fresco,4.07,Carnes,8,61,2025-09-20,S010,Murcia,0,Sin Festivo,Sin Evento
Aceite de Oliva,9.94,Alimentación,2,17,2025-02-19,S006,Alicante,0,Sin Festivo,Sin Evento
Paraguas,7.3,Hogar,7,25,2024-08-11,S026,Murcia,1,Sin Festivo,Sin Evento
Pollo Fresco,11.56,Carnes,3,37,2025-02-18,S001,Murcia,0,Sin Festivo,Sin Evento
Helado de Vainilla,5.36,Congelados,2,61,2025-02-06,S022,Zaragoza,0,Sin Festivo,Sin Evento
Pollo Fresco,9.12,Carnes,6,1,2025-02-13,S018,Sevilla,0,Sin Festivo,Sin Evento
Cerveza Lager,9.84,Bebidas,5,21,2025-10-15,S020,Palma de Mallorca,0,Sin Festivo,Festival de Música
Paraguas,7.99,Hogar,8,44,2024-04-04,S029,Murcia,0,Sin Festivo,Sin Evento
Helado de Vainilla,5.92,Congelados,3,38,2025-03-20,S007,Palma de Mallorca,0,Sin Festivo,Sin Evento
Vino Tinto Rioja,10.82,Bebidas,1,10,2024-05-01,S021,Alicante,0,Día del Trabajo,Sin Evento
Vino Tinto Rioja,6.74,Bebidas,4,36,2025-11-14,S045,Madrid,1,Sin Festivo,Sin Evento
Vino Tinto Rioja,11.92,Bebidas,3,11,2025-04-08,S023,Sevilla,0,Sin Festivo,Sin Evento
Pan de Molde,0.96,Panadería,5,36,2025-03-26,S021,Alicante,0,Sin Festivo,Sin Evento
Papel Higiénico,2.66,Higiene,8,73,2024-08-29,S017,Alicante,0,Sin Festivo,Sin Evento
Detergente Líquido,3.93,Limpieza,14,109,2024-11-16,S002,Bilbao,1,Sin Festivo,Sin Evento
Cerveza Lager,6.57,Bebidas,2,127,2024-04-12,S045,Barcelona,1,Sin Festivo,Sin Evento
Paraguas,14.58,Hogar,3,20,2025-06-16,S002,Bilbao,0,Sin Festivo,Festival de Música
Vino Tinto Rioja,3.01,Bebidas,0,67,2024-03-12,S012,Murcia,0,Sin Festivo,Sin Evento
Pasta Italiana,3.07,Alimentación,4,148,2025-09-29,S044,Zaragoza,0,Sin Festivo,Sin Evento
Manzanas Fuji,4.48,Frutas y Verduras,0,131,2025-08-05,S043,Bilbao,0,Sin Festivo,Sin Evento
Turrón de Almendras,3.34,Alimentación (Navidad),7,32,2025-04-10,S001,Barcelona,0,Sin Festivo,Sin Evento
Pan de Molde,1.95,Panadería,3,6,2025-11-25,S007,Sevilla,0,Sin Festivo,Sin Evento
Leche Entera,0.89,Lácteos,1,61,2024-10-12,S044,Valencia,0,Fiesta Nacional de España,Sin Evento
Aceite de Oliva,6.49,Alimentación,2,83,2024-03-13,S029,Palma de Mallorca,0,Sin Festivo,Sin Evento
Papel Higiénico,2.48,Higiene,3,3,2024-03-25,S040,Málaga,0,Sin Festivo,Sin Evento
Papel Higiénico,3.01,Higiene,4,69,2024-09-08,S012,Murcia,1,Sin Festivo,Sin Evento
Detergente Líquido,7.2,Limpieza,0,120,2024-11-06,S025,Sevilla,0,Sin Festivo,Sin Evento
Pan de Molde,0.51,Panadería,1,3,2024-06-01,S042,Sevilla,0,Sin Festivo,Sin Evento
Pan de Molde,1.77,Panadería,1,8,2025-04-18,S021,Bilbao,1,Viernes Santo,Sin Evento
Pan de Molde,1.44,Panadería,9,9,2024-01-17,S034,Bilbao,0,Sin Festivo,Evento Deportivo Importante
Turrón de Almendras,11.78,Alimentación (Navidad),4,0,2024-04-23,S044,Sevilla,0,Sin Festivo,Sin Evento
Paraguas,16.0,Hogar,2,34,2024-05-02,S045,Bilbao,0,Sin Festivo,Sin Evento
Vino Tinto Rioja,6.98,Bebidas,8,88,2025-06-14,S047,Murcia,0,Sin Festivo,Sin Evento
Detergente Líquido,7.85,Limpieza,4,103,2025-12-28,S036,Bilbao,0,Sin Festivo,Sin Evento
Pollo Fresco,6.41,Carnes,1,92,2025-07-14,S016,Valencia,0,Sin Festivo,Sin Evento
Papel Higiénico,1.58,Higiene,22,1,2025-07-27,S024,Barcelona,1,Sin Festivo,Sin Evento
Helado de Vainilla,6.36,Congelados,2,65,2024-10-08,S001,Sevilla,0,Sin Festivo,Sin Evento
Paraguas,15.22,Hogar,5,21,2025-07-02,S039,Madrid,0,Sin Festivo,Sin Evento
Paraguas,14.8,Hogar,13,24,2025-09-21,S025,Palma de Mallorca,1,Sin Festivo,Sin Evento
Pollo Fresco,9.42,Carnes,0,51,2025-04-24,S019,Madrid,0,Sin Festivo,Sin Evento
Pasta Italiana,8.43,Alimentación,1,90,2025-04-07,S025,Valencia,0,Sin Festivo,Sin Evento
Cerveza Lager,2.31,Bebidas,16,73,2024-10-19,S023,Sevilla,1,Sin Festivo,Sin Evento
Paraguas,10.94,Hogar,5,4,2025-12-29,S032,Zaragoza,0,Sin Festivo,Sin Evento
Protector Solar,4.26,Cuidado Personal,13,0,2025-01-25,S035,Zaragoza,1,Sin Festivo,Sin Evento
Leche Entera,2.51,Lácteos,3,18,2025-04-09,S024,Barcelona,0,Sin Festivo,Sin Evento
Aceite de Oliva,1.33,Alimentación,6,65,2024-07-29,S010,Murcia,0,Sin Festivo,Sin Evento
Detergente Líquido,2.79,Limpieza,3,124,2024-07-19,S023,Sevilla,1,Sin Festivo,Sin Evento
Turrón de Almendras,13.36,Alimentación (Navidad),28,0,2025-12-12,S030,Valencia,1,Sin Festivo,Sin Evento
Paraguas,13.46,Hogar,2,31,2024-10-17,S050,Valencia,0,Sin Festivo,Festival de Música
Pollo Fresco,3.46,Carnes,7,95,2025-03-14,S017,Palma de Mallorca,1,Sin Festivo,Sin Evento
Vino Tinto Rioja,5.2,Bebidas,1,74,2024-04-06,S023,Barcelona,0,Sin Festivo,Mercado Semanal
Helado de Vainilla,5.34,Congelados,3,21,2024-01-29,S011,Alicante,0,Sin Festivo,Sin Evento
Vino Tinto Rioja,6.58,Bebidas,2,2,2025-07-07,S029,Valencia,0,Sin Festivo,Sin Evento
Cerveza Lager,2.64,Bebidas,29,73,2024-10-19,S038,Valencia,1,Sin Festivo,Mercado Semanal
Helado de Vainilla,6.09,Congelados,0,151,2024-12-02,S047,Sevilla,0,Sin Festivo,Sin Evento
Pasta Italiana,7.25,Alimentación,5,150,2025-09-18,S019,Sevilla,0,Sin Festivo,Sin Evento
Pasta Italiana,5.04,Alimentación,4,78,2024-01-15,S026,Zaragoza,0,Sin Festivo,Sin Evento
Pollo Fresco,12.14,Carnes,0,2,2024-03-26,S013,Bilbao,0,Sin Festivo,Sin Evento
Papel Higiénico,2.48,Higiene,4,25,2024-09-16,S049,Madrid,0,Sin Festivo,Sin Evento
Paraguas,7.08,Hogar,6,42,2024-09-25,S045,Bilbao,0,Sin Festivo,Sin Evento
Manzanas Fuji,2.46,Frutas y Verduras,5,150,2024-03-22,S008,Barcelona,1,Sin Festivo,Sin Evento
Vino Tinto Rioja,4.31,Bebidas,3,8,2025-05-03,S003,Sevilla,1,Sin Festivo,Sin Evento
Paraguas,14.91,Hogar,2,31,2024-12-17,S024,Sevilla,0,Sin Festivo,Sin Evento
Detergente Líquido,1.71,Limpieza,3,52,2025-05-19,S032,Alicante,0,Sin Festivo,Sin Evento
Pan de Molde,0.97,Panadería,4,1,2025-12-13,S020,Málaga,0,Sin Festivo,Sin Evento
Pollo Fresco,5.97,Carnes,7,17,2024-04-07,S014,Málaga,1,Sin Festivo,Sin Evento
Pan de Molde,1.77,Panadería,0,36,2025-05-14,S005,Barcelona,0,Sin Festivo,Sin Evento
Manzanas Fuji,4.3,Frutas y Verduras,4,103,2024-09-02,S013,Palma de Mallorca,0,Sin Festivo,Sin Evento
Protector Solar,14.46,Cuidado Personal,0,17,2024-10-28,S018,Valencia,0,Sin Festivo,Sin Evento
Helado de Vainilla,8.7,Congelados,0,63,2025-12-02,S031,Bilbao,0,Sin Festivo,Sin Evento
Turrón de Almendras,5.54,Alimentación (Navidad),4,0,2024-11-23,S005,Palma de Mallorca,1,Sin Festivo,Sin Evento
Pan de Molde,0.84,Panadería,1,0,2024-08-11,S027,Zaragoza,1,Sin Festivo,Sin Evento
Aceite de Oliva,7.21,Alimentación,1,74,2025-09-10,S005,Sevilla,0,Sin Festivo,Sin Evento
Papel Higiénico,4.18,Higiene,2,21,2024-10-29,S015,Málaga,0,Sin Festivo,Sin Evento
Protector Solar,9.86,Cuidado Personal,2,52,2024-06-25,S028,Málaga,0,Sin Festivo,Sin Evento
Turrón de Almendras,24.62,Alimentación (Navidad),1,50,2024-05-26,S021,Murcia,1,Sin Festivo,Sin Evento
Manzanas Fuji,5.73,Frutas y Verduras,5,94,2024-03-31,S036,Valencia,0,Sin Festivo,Sin Evento
Pan de Molde,0.58,Panadería,2,25,2024-01-29,S042,Bilbao,0,Sin Festivo,Sin Evento
Leche Entera,2.84,Lácteos,2,44,2024-07-02,S028,Murcia,0,Sin Festivo,Sin Evento
Vino Tinto Rioja,7.26,Bebidas,3,55,2024-03-03,S021,Alicante,1,Sin Festivo,Sin Evento
Pasta Italiana,0.82,Alimentación,0,74,2025-06-06,S049,Valencia,0,Sin Festivo,Sin Evento
Pan de Molde,1.32,Panadería,2,44,2024-07-01,S031,Barcelona,0,Sin Festivo,Sin Evento
Papel Higiénico,1.17,Higiene,17,4,2025-12-13,S005,Sevilla,1,Sin Festivo,Sin Evento
Paraguas,16.05,Hogar,7,9,2024-02-03,S005,Barcelona,0,Sin Festivo,Sin Evento
Paraguas,15.86,Hogar,2,27,2025-11-06,S025,Murcia,0,Sin Festivo,Sin Evento
Vino Tinto Rioja,8.67,Bebidas,1,9,2024-03-09,S005,Zaragoza,0,Sin Festivo,Sin Evento
Yogur Natural,2.65,Lácteos,4,22,2025-10-24,S030,Madrid,1,Sin Festivo,Sin Evento
Yogur Natural,1.13,Lácteos,12,106,2025-12-12,S040,Palma de Mallorca,1,Sin Festivo,Sin Evento
Detergente Líquido,6.6,Limpieza,0,98,2025-09-08,S009,Alicante,0,Sin Festivo,Sin Evento
Leche Entera,1.41,Lácteos,0,1,2024-01-11,S043,Barcelona,0,Sin Festivo,Sin Evento
Helado de Vainilla,6.57,Congelados,3,99,2024-06-05,S018,Sevilla,0,Sin Festivo,Feria Local
Pollo Fresco,7.72,Carnes,3,65,2024-06-25,S044,Murcia,0,Sin Festivo,Sin Evento
Pollo Fresco,10.15,Carnes,0,79,2025-04-04,S011,Madrid,0,Sin Festivo,Sin Evento
Detergente Líquido,3.1,Limpieza,5,13,2024-01-14,S037,Barcelona,0,Sin Festivo,Sin Evento
Pollo Fresco,13.76,Carnes,0,102,2024-07-24,S021,Palma de Mallorca,0,Sin Festivo,Sin Evento
Cerveza Lager,10.03,Bebidas,3,14,2025-07-25,S008,Barcelona,0,Sin Festivo,Sin Evento
Vino Tinto Rioja,5.15,Bebidas,5,59,2025-09-22,S048,Murcia,0,Sin Festivo,Sin Evento
Turrón de Almendras,19.26,Alimentación (Navidad),4,25,2025-06-22,S011,Barcelona,1,Sin Festivo,Sin Evento
Papel Higiénico,4.7,Higiene,1,44,2025-07-20,S010,Barcelona,0,Sin Festivo,Sin Evento
Turrón de Almendras,11.18,Alimentación (Navidad),1,14,2024-06-05,S043,Madrid,0,Sin Festivo,Sin Evento
Pan de Molde,0.75,Panadería,2,1,2025-11-30,S026,Murcia,0,Sin Festivo,Sin Evento
Pan de Molde,1.79,Panadería,7,3,2025-03-23,S020,Zaragoza,0,Sin Festivo,Sin Evento
Paraguas,18.08,Hogar,1,27,2025-11-15,S004,Barcelona,0,Sin Festivo,Sin Evento
Helado de Vainilla,1.52,Congelados,0,156,2024-07-28,S024,Málaga,1,Sin Festivo,Sin Evento
Papel Higiénico,1.82,Higiene,5,8,2025-12-06,S033,Málaga,0,Día de la Constitución Española,Sin Evento
Paraguas,12.76,Hogar,4,35,2024-04-25,S032,Alicante,0,Sin Festivo,Sin Evento
Helado de Vainilla,7.01,Congelados,0,143,2024-08-19,S038,Bilbao,0,Sin Festivo,Sin Evento
Yogur Natural,3.02,Lácteos,3,100,2025-12-10,S050,Sevilla,0,Sin Festivo,Sin Evento
Paraguas,17.69,Hogar,1,18,2024-07-08,S025,Barcelona,0,Sin Festivo,Sin Evento
Detergente Líquido,6.35,Limpieza,4,80,2024-01-01,S021,Sevilla,0,Año Nuevo,Sin Evento
Protector Solar,9.16,Cuidado Personal,2,27,2025-01-31,S022,Murcia,0,Sin Festivo,Sin Evento
Leche Entera,1.14,Lácteos,7,20,2024-08-24,S004,Palma de Mallorca,1,Sin Festivo,Sin Evento
Papel Higiénico,1.58,Higiene,4,36,2025-11-10,S040,Sevilla,0,Sin Festivo,Sin Evento
Aceite de Oliva,3.17,Alimentación,1,52,2025-08-22,S045,Valencia,0,Sin Festivo,Sin Evento
Turrón de Almendras,9.17,Alimentación (Navidad),2,0,2025-07-25,S002,Málaga,1,Sin Festivo,Sin Evento
Papel Higiénico,4.28,Higiene,0,64,2025-08-22,S041,Murcia,0,Sin Festivo,Sin Evento
Helado de Vainilla,8.89,Congelados,0,50,2024-09-20,S005,Alicante,0,Sin Festivo,Sin Evento
Pollo Fresco,3.29,Carnes,4,79,2025-06-25,S028,Madrid,0,Sin Festivo,Sin Evento
Protector Solar,4.92,Cuidado Personal,2,43,2025-01-15,S041,Valencia,0,Sin Festivo,Sin Evento
Aceite de Oliva,5.6,Alimentación,0,75,2025-04-09,S029,Barcelona,0,Sin Festivo,Sin Evento
Helado de Vainilla,4.21,Congelados,5,2,2025-12-23,S029,Barcelona,0,Sin Festivo,Sin Evento
Cerveza Lager,7.73,Bebidas,2,112,2025-08-28,S041,Barcelona,0,Sin Festivo,Sin Evento
Protector Solar,10.96,Cuidado Personal,0,43,2025-07-29,S036,Barcelona,0,Sin Festivo,Sin Evento
Yogur Natural,0.8,Lácteos,5,14,2024-01-31,S003,Zaragoza,0,Sin Festivo,Sin Evento
Cerveza Lager,11.01,Bebidas,1,178,2025-11-15,S026,Valencia,0,Sin Festivo,Sin Evento
Helado de Vainilla,7.13,Congelados,0,4,2025-09-10,S036,Málaga,0,Sin Festivo,Sin Evento
Leche Entera,2.32,Lácteos,1,0,2024-06-22,S046,Madrid,0,Sin Festivo,Sin Evento
Leche Entera,1.79,Lácteos,5,71,2025-07-04,S012,Málaga,1,Sin Festivo,Sin Evento
Manzanas Fuji,2.55,Frutas y Verduras,8,145,2024-01-17,S048,Murcia,0,Sin Festivo,Sin Evento
Pasta Italiana,3.59,Alimentación,4,98,2024-07-20,S009,Sevilla,0,Sin Festivo,Sin Evento
Yogur Natural,2.51,Lácteos,0,129,2025-07-22,S035,Málaga,0,Sin Festivo,Sin Evento
Pan de Molde,1.48,Panadería,4,17,2025-11-20,S038,Barcelona,0,Sin Festivo,Sin Evento
Pasta Italiana,2.76,Alimentación,7,158,2025-09-13,S033,Valencia,1,Sin Festivo,Sin Evento
Manzanas Fuji,1.04,Frutas y Verduras,5,0,2024-10-17,S036,Bilbao,0,Sin Festivo,Sin Evento
Pasta Italiana,5.87,Alimentación,2,128,2025-03-19,S046,Málaga,0,Sin Festivo,Sin Evento
Detergente Líquido,5.18,Limpieza,1,26,2025-06-21,S023,Barcelona,1,Sin Festivo,Sin Evento
Manzanas Fuji,4.36,Frutas y Verduras,4,36,2025-07-25,S019,Barcelona,1,Sin Festivo,Sin Evento
Paraguas,16.45,Hogar,4,41,2024-02-12,S040,Sevilla,0,Sin Festivo,Sin Evento
Pasta Italiana,6.21,Alimentación,4,74,2025-03-04,S021,Sevilla,0,Sin Festivo,Sin Evento
Leche Entera,1.28,Lácteos,2,51,2024-05-25,S040,Murcia,0,Sin Festivo,Sin Evento
Turrón de Almendras,10.58,Alimentación (Navidad),2,15,2025-02-21,S038,Bilbao,0,Sin Festivo,Sin Evento
Aceite de Oliva,2.77,Alimentación,6,88,2025-12-05,S031,Madrid,1,Sin Festivo,Sin Evento
Pollo Fresco,13.52,Carnes,3,91,2025-09-17,S039,Málaga,0,Sin Festivo,Sin Evento
Vino Tinto Rioja,7.13,Bebidas,12,31,2025-07-13,S042,Valencia,1,Sin Festivo,Sin Evento
Pan de Molde,1.39,Panadería,2,6,2025-07-10,S031,Zaragoza,0,Sin Festivo,Sin Evento
Turrón de Almendras,6.18,Alimentación (Navidad),3,20,2024-05-29,S043,Barcelona,0,Sin Festivo,Sin Evento
Protector Solar,10.95,Cuidado Personal,2,70,2024-10-02,S024,Palma de Mallorca,0,Sin Festivo,Sin Evento
Pasta Italiana,3.67,Alimentación,7,29,2024-01-18,S044,Bilbao,0,Sin Festivo,Sin Evento
Pollo Fresco,12.25,Carnes,5,60,2025-06-29,S027,Madrid,0,Sin Festivo,Sin Evento
Cerveza Lager,2.02,Bebidas,3,7,2025-10-28,S013,Málaga,0,Sin Festivo,Sin Evento
Helado de Vainilla,2.3,Congelados,0,129,2025-06-17,S009,Zaragoza,0,Sin Festivo,Sin Evento
Vino Tinto Rioja,8.23,Bebidas,5,35,2025-02-22,S045,Bilbao,1,Sin Festivo,Sin Evento
Turrón de Almendras,4.2,Alimentación (Navidad),6,44,2025-11-04,S036,Málaga,0,Sin Festivo,Sin Evento
Turrón de Almendras,14.25,Alimentación (Navidad),14,21,2025-12-24,S016,Alicante,0,Sin Festivo,Sin Evento
Paraguas,3.87,Hogar,5,18,2024-10-20,S019,Madrid,1,Sin Festivo,Sin Evento
Cerveza Lager,4.28,Bebidas,5,1,2024-03-14,S007,Madrid,0,Sin Festivo,Feria Local
Pan de Molde,1.92,Panadería,10,40,2024-03-10,S028,Barcelona,1,Sin Festivo,Sin Evento
Pan de Molde,0.51,Panadería,9,18,2025-07-30,S038,Málaga,0,Sin Festivo,Concierto Grande
Vino Tinto Rioja,1.54,Bebidas,6,47,2024-10-20,S019,Madrid,1,Sin Festivo,Sin Evento
Leche Entera,3.45,Lácteos,5,30,2024-08-14,S002,Madrid,0,Sin Festivo,Concierto Grande
Protector Solar,12.43,Cuidado Personal,6,9,2025-08-27,S009,Málaga,0,Sin Festivo,Sin Evento
Cerveza Lager,2.3,Bebidas,4,30,2025-02-04,S038,Valencia,0,Sin Festivo,Sin Evento
Papel Higiénico,1.16,Higiene,0,20,2025-11-13,S010,Málaga,0,Sin Festivo,Sin Evento
Manzanas Fuji,2.12,Frutas y Verduras,9,67,2025-04-24,S050,Palma de Mallorca,0,Sin Festivo,Sin Evento
Detergente Líquido,3.27,Limpieza,5,125,2025-09-02,S004,Murcia,0,Sin Festivo,Sin Evento
Manzanas Fuji,1.17,Frutas y Verduras,6,140,2024-07-29,S011,Zaragoza,0,Sin Festivo,Sin Evento
Papel Higiénico,3.37,Higiene,4,3,2025-11-21,S033,Madrid,1,Sin Festivo,Sin Evento
Pollo Fresco,11.69,Carnes,0,60,2025-04-29,S004,Zaragoza,0,Sin Festivo,Sin Evento
Pasta Italiana,5.6,Alimentación,0,153,2024-10-15,S018,Bilbao,0,Sin Festivo,Sin Evento
Aceite de Oliva,4.83,Alimentación,6,0,2024-01-31,S012,Madrid,0,Sin Festivo,Sin Evento
Vino Tinto Rioja,8.33,Bebidas,5,14,2024-02-13,S029,Valencia,0,Sin Festivo,Sin Evento
Pollo Fresco,12.07,Carnes,3,29,2025-07-02,S041,Barcelona,0,Sin Festivo,Sin Evento
Pan de Molde,1.31,Panadería,6,9,2025-08-03,S013,Alicante,1,Sin Festivo,Sin Evento
Pan de Molde,2.98,Panadería,0,33,2024-04-16,S025,Valencia,0,Sin Festivo,Sin Evento
Manzanas Fuji,5.12,Frutas y Verduras,0,2,2025-07-22,S009,Alicante,0,Sin Festivo,Sin Evento
Helado de Vainilla,5.54,Congelados,2,160,2025-04-10,S009,Valencia,0,Sin Festivo,Sin Evento
Pan de Molde,0.86,Panadería,10,29,2025-06-07,S030,Palma de Mallorca,0,Sin Festivo,Sin Evento
Leche Entera,2.61,Lácteos,5,74,2024-10-10,S008,Madrid,0,Sin Festivo,Sin Evento
Vino Tinto Rioja,4.48,Bebidas,4,8,2025-04-20,S001,Sevilla,1,Sin Festivo,Sin Evento
Papel Higiénico,1.15,Higiene,5,70,2025-02-20,S030,Madrid,0,Sin Festivo,Sin Evento
Leche Entera,0.94,Lácteos,0,27,2025-08-19,S017,Valencia,0,Sin Festivo,Sin Evento
Paraguas,9.93,Hogar,15,32,2024-12-07,S041,Zaragoza,1,Sin Festivo,Sin Evento
Yogur Natural,1.32,Lácteos,2,87,2024-09-11,S030,Madrid,0,Sin Festivo,Sin Evento
Vino Tinto Rioja,1.91,Bebidas,12,13,2024-04-18,S036,Palma de Mallorca,0,Sin Festivo,Sin Evento
Pollo Fresco,14.11,Carnes,1,82,2025-07-16,S030,Bilbao,0,Sin Festivo,Sin Evento
Manzanas Fuji,2.99,Frutas y Verduras,6,108,2024-07-26,S011,Zaragoza,1,Sin Festivo,Sin Evento
Protector Solar,11.96,Cuidado Personal,1,42,2025-08-05,S044,Málaga,0,Sin Festivo,Sin Evento
Pan de Molde,0.62,Panadería,0,52,2024-04-11,S009,Málaga,0,Sin Festivo,Sin Evento
Papel Higiénico,3.03,Higiene,3,61,2024-11-21,S031,Bilbao,0,Sin Festivo,Sin Evento
Cerveza Lager,8.11,Bebidas,2,140,2024-09-04,S046,Barcelona,0,Sin Festivo,Sin Evento
Paraguas,6.04,Hogar,3,47,2025-12-22,S043,Málaga,0,Sin Festivo,Sin Evento
Manzanas Fuji,1.22,Frutas y Verduras,26,129,2024-02-03,S038,Palma de Mallorca,1,Sin Festivo,Sin Evento
Aceite de Oliva,4.62,Alimentación,2,83,2024-06-03,S039,Madrid,0,Sin Festivo,Sin Evento
Papel Higiénico,2.64,Higiene,0,17,2025-08-15,S036,Alicante,1,Asunción de la Virgen,Sin Evento
Paraguas,6.44,Hogar,1,12,2024-05-09,S014,Madrid,0,Sin Festivo,Sin Evento
Yogur Natural,1.97,Lácteos,5,20,2025-03-30,S037,Madrid,1,Sin Festivo,Sin Evento
Paraguas,17.65,Hogar,4,44,2025-12-28,S033,Alicante,1,Sin Festivo,Sin Evento
Pasta Italiana,8.34,Alimentación,0,125,2024-03-04,S010,Palma de Mallorca,0,Sin Festivo,Sin Evento
Helado de Vainilla,2.25,Congelados,4,78,2025-10-05,S014,Alicante,1,Sin Festivo,Sin Evento
Pollo Fresco,2.21,Carnes,16,77,2025-04-06,S049,Alicante,1,Sin Festivo,Sin Evento
Helado de Vainilla,6.4,Congelados,4,76,2024-09-12,S030,Valencia,0,Sin Festivo,Sin Evento
Manzanas Fuji,3.42,Frutas y Verduras,2,34,2024-12-23,S012,Palma de Mallorca,0,Sin Festivo,Sin Evento
Yogur Natural,2.62,Lácteos,3,100,2025-01-14,S022,Valencia,0,Sin Festivo,Sin Evento
Manzanas Fuji,1.57,Frutas y Verduras,4,51,2025-11-12,S046,Sevilla,0,Sin Festivo,Sin Evento
Pan de Molde,2.86,Panadería,2,52,2024-10-06,S013,Valencia,0,Sin Festivo,Sin Evento
Leche Entera,1.8,Lácteos,3,10,2025-09-15,S022,Zaragoza,0,Sin Festivo,Sin Evento
Leche Entera,1.9,Lácteos,2,20,2024-04-29,S040,Palma de Mallorca,0,Sin Festivo,Sin Evento
Papel Higiénico,2.04,Higiene,3,55,2024-01-01,S048,Murcia,0,Año Nuevo,Sin Evento
Aceite de Oliva,6.03,Alimentación,3,88,2024-10-08,S028,Barcelona,0,Sin Festivo,Sin Evento
Vino Tinto Rioja,6.11,Bebidas,1,1,2024-11-13,S003,Málaga,0,Sin Festivo,Sin Evento
Vino Tinto Rioja,1.03,Bebidas,7,92,2025-03-28,S016,Valencia,0,Sin Festivo,Sin Evento
Paraguas,10.03,Hogar,8,19,2025-08-16,S007,Murcia,0,Sin Festivo,Sin Evento
Paraguas,3.69,Hogar,16,1,2024-03-09,S037,Sevilla,1,Sin Festivo,Sin Evento
Manzanas Fuji,3.98,Frutas y Verduras,4,27,2025-06-16,S022,Zaragoza,0,Sin Festivo,Sin Evento
Aceite de Oliva,4.26,Alimentación,2,32,2025-01-30,S017,Valencia,0,Sin Festivo,Sin Evento
Detergente Líquido,4.32,Limpieza,0,166,2025-04-28,S038,Alicante,0,Sin Festivo,Sin Evento
Paraguas,7.18,Hogar,1,13,2025-04-27,S019,Málaga,0,Sin Festivo,Sin Evento
Vino Tinto Rioja,6.39,Bebidas,1,67,2024-04-07,S029,Palma de Mallorca,1,Sin Festivo,Sin Evento
Paraguas,19.84,Hogar,2,11,2025-06-29,S026,Palma de Mallorca,0,Sin Festivo,Sin Evento
Manzanas Fuji,4.15,Frutas y Verduras,0,133,2025-11-19,S006,Alicante,0,Sin Festivo,Sin Evento
Detergente Líquido,2.16,Limpieza,5,22,2025-03-17,S002,Madrid,0,Sin Festivo,Sin Evento
Papel Higiénico,2.62,Higiene,4,4,2024-06-25,S006,Alicante,0,Sin Festivo,Sin Evento
Aceite de Oliva,6.12,Alimentación,6,30,2024-04-24,S010,Sevilla,0,Sin Festivo,Sin Evento
Leche Entera,1.69,Lácteos,3,2,2024-03-27,S032,Alicante,0,Sin Festivo,Sin Evento
Papel Higiénico,2.43,Higiene,0,74,2025-08-07,S015,Bilbao,0,Sin Festivo,Sin Evento
Yogur Natural,3.29,Lácteos,0,114,2025-01-03,S029,Valencia,0,Sin Festivo,Sin Evento
Protector Solar,12.64,Cuidado Personal,3,6,2024-10-07,S020,Sevilla,0,Sin Festivo,Sin Evento
Leche Entera,1.34,Lácteos,6,4,2024-03-02,S001,Murcia,1,Sin Festivo,Sin Evento
Cerveza Lager,4.98,Bebidas,0,73,2024-03-07,S020,Murcia,0,Sin Festivo,Sin Evento
Vino Tinto Rioja,5.09,Bebidas,1,56,2024-11-29,S032,Sevilla,1,Sin Festivo,Sin Evento
Leche Entera,1.81,Lácteos,3,35,2024-10-29,S002,Valencia,0,Sin Festivo,Sin Evento
Cerveza Lager,10.07,Bebidas,0,144,2025-02-24,S015,Palma de Mallorca,0,Sin Festivo,Sin Evento
Papel Higiénico,3.99,Higiene,7,63,2025-07-01,S024,Murcia,0,Sin Festivo,Sin Evento
Paraguas,12.46,Hogar,1,26,2025-12-26,S015,Valencia,1,Sin Festivo,Sin Evento
Pollo Fresco,12.05,Carnes,6,25,2024-01-14,S024,Palma de Mallorca,0,Sin Festivo,Sin Evento
Turrón de Almendras,21.99,Alimentación (Navidad),1,13,2024-02-08,S025,Alicante,0,Sin Festivo,Sin Evento
Pan de Molde,1.05,Panadería,8,19,2024-07-18,S019,Murcia,0,Sin Festivo,Sin Evento
Helado de Vainilla,1.64,Congelados,28,36,2025-12-28,S047,Bilbao,1,Sin Festivo,Sin Evento
Protector Solar,4.46,Cuidado Personal,10,31,2024-08-29,S033,Alicante,0,Sin Festivo,Sin Evento
Protector Solar,11.02,Cuidado Personal,0,57,2024-09-26,S002,Alicante,0,Sin Festivo,Sin Evento
Protector Solar,11.7,Cuidado Personal,4,58,2025-08-20,S047,Valencia,0,Sin Festivo,Sin Evento
Papel Higiénico,1.96,Higiene,3,16,2025-10-31,S013,Barcelona,1,Sin Festivo,Sin Evento
Pan de Molde,1.19,Panadería,1,12,2024-08-27,S005,Palma de Mallorca,0,Sin Festivo,Sin Evento
Protector Solar,14.86,Cuidado Personal,1,21,2025-06-08,S045,Zaragoza,0,Sin Festivo,Sin Evento
Pollo Fresco,12.25,Carnes,1,29,2024-07-24,S041,Valencia,0,Sin Festivo,Sin Evento
Manzanas Fuji,1.38,Frutas y Verduras,11,41,2025-11-11,S049,Alicante,0,Sin Festivo,Sin Evento
Pollo Fresco,4.88,Carnes,8,12,2025-04-22,S013,Murcia,0,Sin Festivo,Feria Local
Papel Higiénico,5.28,Higiene,0,27,2024-06-28,S043,Bilbao,0,Sin Festivo,Sin Evento
Pollo Fresco,8.85,Carnes,9,8,2025-12-14,S039,Valencia,1,Sin Festivo,Sin Evento
Protector Solar,13.51,Cuidado Personal,0,6,2025-09-04,S047,Madrid,0,Sin Festivo,Sin Evento
Manzanas Fuji,4.84,Frutas y Verduras,3,57,2024-10-11,S032,Bilbao,1,Sin Festivo,Sin Evento
Helado de Vainilla,2.07,Congelados,5,67,2025-08-10,S012,Bilbao,1,Sin Festivo,Festival de Música
Yogur Natural,0.57,Lácteos,9,51,2025-05-03,S022,Palma de Mallorca,1,Sin Festivo,Sin Evento
Pasta Italiana,8.56,Alimentación,1,82,2025-01-27,S033,Madrid,0,Sin Festivo,Sin Evento
Vino Tinto Rioja,7.92,Bebidas,2,96,2025-12-09,S007,Barcelona,0,Sin Festivo,Sin Evento
Vino Tinto Rioja,5.86,Bebidas,3,56,2025-11-20,S030,Barcelona,0,Sin Festivo,Sin Evento
Pan de Molde,0.81,Panadería,1,24,2025-01-13,S020,Sevilla,0,Sin Festivo,Sin Evento
Turrón de Almendras,2.32,Alimentación (Navidad),11,53,2024-06-15,S049,Sevilla,1,Sin Festivo,Sin Evento
Turrón de Almendras,9.45,Alimentación (Navidad),5,22,2025-11-14,S039,Palma de Mallorca,1,Sin Festivo,Sin Evento
Turrón de Almendras,13.2,Alimentación (Navidad),5,44,2025-06-14,S042,Palma de Mallorca,0,Sin Festivo,Sin Evento
Cerveza Lager,11.13,Bebidas,2,88,2024-07-31,S049,Zaragoza,0,Sin Festivo,Sin Evento
Helado de Vainilla,6.44,Congelados,3,64,2024-12-03,S020,Bilbao,0,Sin Festivo,Sin Evento
Vino Tinto Rioja,8.45,Bebidas,5,8,2024-09-16,S043,Sevilla,0,Sin Festivo,Sin Evento
Manzanas Fuji,5.31,Frutas y Verduras,0,159,2024-10-18,S026,Alicante,0,Sin Festivo,Sin Evento
Turrón de Almendras,8.06,Alimentación (Navidad),9,14,2024-04-07,S021,Murcia,0,Sin Festivo,Sin Evento
Detergente Líquido,5.88,Limpieza,1,127,2024-09-02,S038,Alicante,0,Sin Festivo,Sin Evento
Cerveza Lager,7.64,Bebidas,7,181,2024-10-04,S038,Murcia,1,Sin Festivo,Sin Evento
Aceite de Oliva,4.01,Alimentación,4,68,2025-10-28,S030,Málaga,0,Sin Festivo,Sin Evento
Aceite de Oliva,9.71,Alimentación,0,0,2025-07-14,S041,Bilbao,0,Sin Festivo,Sin Evento
Leche Entera,1.81,Lácteos,6,0,2024-05-27,S025,Bilbao,0,Sin Festivo,Sin Evento
Pan de Molde,2.57,Panadería,0,52,2024-08-14,S026,Bilbao,0,Sin Festivo,Sin Evento
Paraguas,18.64,Hogar,0,42,2024-04-01,S044,Madrid,0,Sin Festivo,Sin Evento
Aceite de Oliva,6.02,Alimentación,1,0,2024-08-06,S050,Málaga,0,Sin Festivo,Sin Evento
Pollo Fresco,8.84,Carnes,3,90,2024-10-25,S013,Alicante,1,Sin Festivo,Sin Evento
Helado de Vainilla,7.78,Congelados,5,6,2024-11-09,S048,Madrid,1,Sin Festivo,Sin Evento
Paraguas,11.44,Hogar,5,29,2024-04-27,S003,Zaragoza,1,Sin Festivo,Sin Evento
Turrón de Almendras,24.11,Alimentación (Navidad),1,52,2024-09-10,S009,Valencia,0,Sin Festivo,Sin Evento
Pan de Molde,2.86,Panadería,2,29,2024-02-17,S036,Zaragoza,1,Sin Festivo,Sin Evento
Protector Solar,3.13,Cuidado Personal,9,38,2024-03-11,S041,Valencia,0,Sin Festivo,Sin Evento
Manzanas Fuji,1.77,Frutas y Verduras,0,46,2024-06-12,S003,Málaga,0,Sin Festivo,Sin Evento
Yogur Natural,0.72,Lácteos,3,56,2025-03-03,S050,Madrid,0,Sin Festivo,Sin Evento
Cerveza Lager,1.72,Bebidas,9,100,2024-06-22,S011,Bilbao,1,Sin Festivo,Sin Evento
Pollo Fresco,6.2,Carnes,0,50,2025-01-16,S017,Barcelona,0,Sin Festivo,Sin Evento
Cerveza Lager,1.95,Bebidas,9,62,2024-01-22,S045,Barcelona,0,Sin Festivo,Sin Evento
Pan de Molde,2.1,Panadería,1,51,2025-04-06,S048,Murcia,1,Sin Festivo,Sin Evento
Pasta Italiana,4.56,Alimentación,0,43,2025-01-17,S022,Sevilla,1,Sin Festivo,Festival de Música
Cerveza Lager,6.03,Bebidas,6,173,2024-05-19,S019,Málaga,0,Sin Festivo,Sin Evento
Turrón de Almendras,21.13,Alimentación (Navidad),4,56,2025-03-10,S027,Valencia,0,Sin Festivo,Sin Evento
Yogur Natural,3.11,Lácteos,0,61,2024-01-01,S041,Sevilla,0,Año Nuevo,Mercado Semanal
Manzanas Fuji,4.6,Frutas y Verduras,1,57,2025-07-09,S040,Valencia,0,Sin Festivo,Sin Evento
Turrón de Almendras,19.93,Alimentación (Navidad),1,49,2024-02-06,S037,Palma de Mallorca,0,Sin Festivo,Sin Evento
Yogur Natural,2.94,Lácteos,1,121,2024-08-16,S036,Palma de Mallorca,0,Sin Festivo,Sin Evento
Pan de Molde,2.97,Panadería,1,24,2024-05-05,S048,Sevilla,0,Sin Festivo,Sin Evento
Detergente Líquido,5.48,Limpieza,2,8,2024-09-15,S050,Madrid,0,Sin Festivo,Sin Evento
Paraguas,11.55,Hogar,11,1,2025-09-19,S017,Palma de Mallorca,1,Sin Festivo,Sin Evento
Detergente Líquido,4.24,Limpieza,3,4,2024-07-14,S034,Valencia,1,Sin Festivo,Sin Evento
Protector Solar,3.98,Cuidado Personal,3,23,2025-02-28,S025,Alicante,0,Sin Festivo,Sin Evento
Paraguas,10.8,Hogar,2,5,2025-12-02,S048,Alicante,0,Sin Festivo,Sin Evento
Protector Solar,4.95,Cuidado Personal,0,55,2025-08-31,S018,Sevilla,0,Sin Festivo,Sin Evento
Protector Solar,13.54,Cuidado Personal,6,56,2025-11-01,S050,Zaragoza,0,Todos los Santos,Sin Evento
Papel Higiénico,1.31,Higiene,9,22,2024-10-01,S028,Madrid,0,Sin Festivo,Sin Evento
Cerveza Lager,2.37,Bebidas,2,96,2025-04-11,S015,Valencia,1,Sin Festivo,Sin Evento
Pan de Molde,1.76,Panadería,3,39,2025-04-28,S017,Bilbao,0,Sin Festivo,Sin Evento
Papel Higiénico,1.21,Higiene,6,64,2025-04-09,S034,Zaragoza,0,Sin Festivo,Sin Evento
Pan de Molde,0.5,Panadería,2,0,2024-01-11,S025,Málaga,0,Sin Festivo,Sin Evento
Helado de Vainilla,5.65,Congelados,2,41,2024-11-07,S008,Valencia,0,Sin Festivo,Evento Deportivo Importante
Cerveza Lager,10.61,Bebidas,0,75,2025-08-05,S007,Zaragoza,0,Sin Festivo,Sin Evento
Pan de Molde,1.27,Panadería,3,34,2025-05-11,S028,Valencia,1,Sin Festivo,Sin Evento
Turrón de Almendras,2.86,Alimentación (Navidad),18,27,2024-08-17,S008,Valencia,1,Sin Festivo,Sin Evento
Pollo Fresco,7.45,Carnes,4,15,2025-12-21,S023,Alicante,1,Sin Festivo,Sin Evento
Cerveza Lager,4.05,Bebidas,3,71,2025-11-08,S009,Palma de Mallorca,1,Sin Festivo,Sin Evento
Paraguas,7.79,Hogar,4,38,2024-09-10,S043,Palma de Mallorca,0,Sin Festivo,Sin Evento
Papel Higiénico,2.63,Higiene,5,42,2025-10-03,S044,Barcelona,1,Sin Festivo,Sin Evento
Helado de Vainilla,5.63,Congelados,6,25,2025-12-27,S011,Bilbao,1,Sin Festivo,Sin Evento
Pasta Italiana,3.02,Alimentación,5,62,2025-01-18,S008,Málaga,1,Sin Festivo,Sin Evento
Helado de Vainilla,3.71,Congelados,7,73,2025-06-17,S010,Barcelona,0,Sin Festivo,Sin Evento
Vino Tinto Rioja,3.6,Bebidas,9,71,2024-03-24,S045,Sevilla,1,Sin Festivo,Sin Evento
Turrón de Almendras,14.41,Alimentación (Navidad),15,18,2025-09-28,S009,Murcia,1,Sin Festivo,Sin Evento
Turrón de Almendras,22.47,Alimentación (Navidad),0,46,2024-02-21,S021,Valencia,0,Sin Festivo,Sin Evento
Pan de Molde,2.13,Panadería,1,18,2024-11-04,S036,Murcia,0,Sin Festivo,Sin Evento
Pasta Italiana,0.92,Alimentación,4,33,2024-12-20,S023,Zaragoza,0,Sin Festivo,Sin Evento
Pollo Fresco,7.57,Carnes,6,71,2025-09-23,S001,Madrid,0,Sin Festivo,Sin Evento
Cerveza Lager,8.64,Bebidas,2,114,2024-06-20,S048,Bilbao,0,Sin Festivo,Sin Evento
Pollo Fresco,8.36,Carnes,2,24,2024-09-02,S010,Palma de Mallorca,0,Sin Festivo,Sin Evento
Aceite de Oliva,3.43,Alimentación,5,58,2024-12-06,S047,Bilbao,1,Día de la Constitución Española,Sin Evento
Papel Higiénico,2.81,Higiene,5,0,2025-08-27,S004,Barcelona,0,Sin Festivo,Sin Evento
Protector Solar,7.15,Cuidado Personal,3,26,2025-02-14,S044,Barcelona,0,Sin Festivo,Sin Evento
Protector Solar,11.62,Cuidado Personal,1,28,2024-04-02,S021,Málaga,0,Sin Festivo,Sin Evento
Paraguas,5.83,Hogar,5,32,2024-08-29,S049,Madrid,0,Sin Festivo,Sin Evento
Pasta Italiana,4.76,Alimentación,4,58,2024-06-22,S038,Bilbao,0,Sin Festivo,Sin Evento
Leche Entera,1.11,Lácteos,4,35,2024-12-23,S028,Bilbao,0,Sin Festivo,Sin Evento
Protector Solar,7.35,Cuidado Personal,0,44,2025-06-25,S033,Barcelona,0,Sin Festivo,Sin Evento
Pan de Molde,1.67,Panadería,1,50,2025-10-13,S002,Valencia,0,Sin Festivo,Sin Evento
Pasta Italiana,8.3,Alimentación,2,88,2025-12-08,S007,Sevilla,0,Inmaculada Concepción,Sin Evento
Yogur Natural,3.09,Lácteos,1,78,2025-06-01,S025,Murcia,0,Sin Festivo,Sin Evento
Pasta Italiana,5.53,Alimentación,4,53,2025-02-21,S005,Zaragoza,1,Sin Festivo,Sin Evento
Turrón de Almendras,5.75,Alimentación (Navidad),16,46,2025-08-22,S009,Palma de Mallorca,1,Sin Festivo,Sin Evento
Leche Entera,0.97,Lácteos,3,57,2024-07-20,S044,Palma de Mallorca,0,Sin Festivo,Sin Evento
Detergente Líquido,6.81,Limpieza,2,98,2025-09-29,S043,Valencia,0,Sin Festivo,Sin Evento
Papel Higiénico,4.76,Higiene,6,14,2025-06-26,S042,Málaga,0,Sin Festivo,Sin Evento
Pollo Fresco,7.72,Carnes,0,23,2024-11-04,S049,Málaga,0,Sin Festivo,Sin Evento
Yogur Natural,1.55,Lácteos,2,79,2024-03-18,S019,Alicante,0,Sin Festivo,Sin Evento
Vino Tinto Rioja,8.03,Bebidas,1,3,2025-06-03,S008,Bilbao,0,Sin Festivo,Feria Local
Vino Tinto Rioja,1.92,Bebidas,4,42,2025-06-02,S037,Alicante,0,Sin Festivo,Sin Evento
Turrón de Almendras,14.16,Alimentación (Navidad),3,12,2025-08-14,S040,Sevilla,0,Sin Festivo,Sin Evento
Aceite de Oliva,4.81,Alimentación,5,53,2025-05-20,S002,Alicante,0,Sin Festivo,Sin Evento
Helado de Vainilla,6.9,Congelados,2,153,2025-04-10,S001,Sevilla,0,Sin Festivo,Sin Evento
Leche Entera,2.16,Lácteos,8,40,2025-02-01,S022,Sevilla,1,Sin Festivo,Sin Evento
Helado de Vainilla,4.62,Congelados,2,20,2024-07-06,S035,Murcia,1,Sin Festivo,Sin Evento
Detergente Líquido,6.05,Limpieza,0,172,2025-06-05,S031,Palma de Mallorca,0,Sin Festivo,Sin Evento
Yogur Natural,1.47,Lácteos,6,122,2024-09-02,S035,Bilbao,0,Sin Festivo,Sin Evento
Helado de Vainilla,3.97,Congelados,4,21,2024-01-04,S032,Madrid,0,Sin Festivo,Sin Evento
Detergente Líquido,5.07,Limpieza,4,95,2024-10-19,S023,Málaga,1,Sin Festivo,Sin Evento
Pollo Fresco,3.07,Carnes,1,7,2024-07-15,S017,Málaga,0,Sin Festivo,Sin Evento
Manzanas Fuji,3.45,Frutas y Verduras,3,137,2025-01-28,S023,Málaga,0,Sin Festivo,Sin Evento
Pollo Fresco,12.68,Carnes,0,39,2024-03-07,S043,Bilbao,0,Sin Festivo,Sin Evento
Pasta Italiana,8.08,Alimentación,3,17,2024-06-23,S046,Zaragoza,0,Sin Festivo,Sin Evento
Pan de Molde,0.92,Panadería,38,2,2024-06-22,S022,Palma de Mallorca,1,Sin Festivo,Sin Evento
Turrón de Almendras,13.64,Alimentación (Navidad),3,28,2025-10-28,S008,Murcia,0,Sin Festivo,Sin Evento
Manzanas Fuji,5.4,Frutas y Verduras,3,47,2025-03-20,S003,Murcia,0,Sin Festivo,Sin Evento
Pan de Molde,2.09,Panadería,2,3,2024-10-14,S026,Murcia,0,Sin Festivo,Sin Evento
Papel Higiénico,2.5,Higiene,2,74,2024-07-23,S014,Bilbao,0,Sin Festivo,Sin Evento
Aceite de Oliva,2.4,Alimentación,13,70,2025-08-22,S012,Palma de Mallorca,1,Sin Festivo,Mercado Semanal
Aceite de Oliva,9.82,Alimentación,0,72,2025-09-15,S032,Bilbao,0,Sin Festivo,Sin Evento
Leche Entera,3.37,Lácteos,0,18,2025-12-17,S044,Murcia,0,Sin Festivo,Sin Evento
Yogur Natural,1.21,Lácteos,3,30,2025-08-13,S021,Zaragoza,0,Sin Festivo,Sin Evento
Manzanas Fuji,2.21,Frutas y Verduras,4,28,2025-05-30,S036,Palma de Mallorca,1,Sin Festivo,Sin Evento
Leche Entera,0.93,Lácteos,7,43,2024-07-08,S033,Sevilla,0,Sin Festivo,Sin Evento
Pollo Fresco,2.7,Carnes,9,62,2025-04-24,S026,Madrid,0,Sin Festivo,Sin Evento
Pollo Fresco,9.2,Carnes,5,23,2025-01-17,S010,Zaragoza,1,Sin Festivo,Sin Evento
Helado de Vainilla,5.91,Congelados,3,107,2024-12-03,S031,Sevilla,0,Sin Festivo,Sin Evento
Cerveza Lager,9.54,Bebidas,0,47,2024-01-07,S030,Sevilla,0,Sin Festivo,Sin Evento
Pollo Fresco,8.03,Carnes,4,63,2025-01-01,S022,Palma de Mallorca,0,Año Nuevo,Sin Evento
Manzanas Fuji,4.62,Frutas y Verduras,3,42,2024-07-05,S041,Madrid,1,Sin Festivo,Sin Evento
Turrón de Almendras,9.35,Alimentación (Navidad),4,38,2024-07-06,S021,Murcia,1,Sin Festivo,Sin Evento
Detergente Líquido,5.82,Limpieza,1,24,2024-02-28,S043,Palma de Mallorca,0,Sin Festivo,Sin Evento
Leche Entera,2.78,Lácteos,2,24,2025-04-25,S039,Bilbao,0,Sin Festivo,Evento Deportivo Importante
Helado de Vainilla,5.56,Congelados,9,105,2025-03-30,S009,Barcelona,0,Sin Festivo,Sin Evento
Yogur Natural,1.9,Lácteos,7,95,2025-12-12,S037,Alicante,0,Sin Festivo,Sin Evento
Protector Solar,7.22,Cuidado Personal,10,60,2025-04-18,S011,Sevilla,1,Feria de Abril,Sin Evento
Vino Tinto Rioja,9.03,Bebidas,2,50,2025-08-08,S044,Madrid,0,Sin Festivo,Sin Evento
Pan de Molde,1.04,Panadería,1,30,2024-08-09,S006,Palma de Mallorca,0,Sin Festivo,Sin Evento
Helado de Vainilla,3.85,Congelados,13,33,2024-10-11,S018,Málaga,1,Sin Festivo,Sin Evento
Manzanas Fuji,4.33,Frutas y Verduras,9,34,2024-03-01,S022,Palma de Mallorca,1,Día de las Islas Baleares,Sin Evento
Yogur Natural,0.36,Lácteos,4,12,2025-02-28,S039,Alicante,1,Sin Festivo,Sin Evento
Papel Higiénico,1.65,Higiene,4,32,2025-07-17,S013,Sevilla,0,Sin Festivo,Sin Evento
Pasta Italiana,0.98,Alimentación,7,130,2024-03-31,S048,Sevilla,0,Sin Festivo,Sin Evento
Pan de Molde,1.31,Panadería,5,37,2025-04-16,S028,Alicante,0,Sin Festivo,Sin Evento
Leche Entera,1.28,Lácteos,7,17,2024-01-10,S035,Málaga,0,Sin Festivo,Sin Evento
Helado de Vainilla,8.96,Congelados,0,37,2024-07-14,S008,Palma de Mallorca,0,Sin Festivo,Sin Evento
Manzanas Fuji,2.52,Frutas y Verduras,2,44,2025-11-27,S026,Murcia,0,Sin Festivo,Sin Evento
Detergente Líquido,1.59,Limpieza,5,15,2024-11-24,S049,Málaga,0,Sin Festivo,Sin Evento
Turrón de Almendras,9.79,Alimentación (Navidad),3,44,2024-08-27,S021,Palma de Mallorca,0,Sin Festivo,Sin Evento
Papel Higiénico,5.04,Higiene,2,63,2025-01-22,S037,Murcia,0,Sin Festivo,Sin Evento
Detergente Líquido,1.81,Limpieza,2,9,2025-10-12,S018,Málaga,0,Fiesta Nacional de España,Sin Evento
Helado de Vainilla,7.06,Congelados,0,78,2024-08-11,S028,Zaragoza,0,Sin Festivo,Sin Evento
Turrón de Almendras,20.31,Alimentación (Navidad),2,55,2025-08-19,S044,Zaragoza,0,Sin Festivo,Sin Evento
Paraguas,12.46,Hogar,5,43,2024-08-11,S042,Valencia,0,Sin Festivo,Sin Evento
Aceite de Oliva,9.23,Alimentación,1,66,2024-07-15,S018,Málaga,0,Sin Festivo,Sin Evento
Turrón de Almendras,2.76,Alimentación (Navidad),7,0,2025-10-10,S007,Valencia,1,Sin Festivo,Concierto Grande
Turrón de Almendras,13.39,Alimentación (Navidad),6,35,2024-10-12,S031,Valencia,1,Fiesta Nacional de España,Sin Evento
Helado de Vainilla,7.85,Congelados,3,21,2024-09-02,S012,Palma de Mallorca,0,Sin Festivo,Sin Evento
Helado de Vainilla,7.35,Congelados,2,0,2024-02-22,S031,Málaga,0,Sin Festivo,Sin Evento
Vino Tinto Rioja,4.03,Bebidas,7,63,2024-03-26,S033,Murcia,0,Sin Festivo,Sin Evento
Pan de Molde,2.59,Panadería,2,51,2025-03-23,S028,Murcia,0,Sin Festivo,Sin Evento
Pollo Fresco,12.0,Carnes,2,86,2024-11-22,S009,Zaragoza,0,Sin Festivo,Sin Evento
Manzanas Fuji,5.91,Frutas y Verduras,1,105,2024-06-04,S015,Zaragoza,0,Sin Festivo,Sin Evento
Papel Higiénico,1.37,Higiene,2,24,2024-01-18,S015,Madrid,0,Sin Festivo,Sin Evento
Paraguas,5.99,Hogar,0,24,2025-10-07,S041,Murcia,0,Sin Festivo,Sin Evento
Detergente Líquido,1.51,Limpieza,14,8,2024-02-16,S002,Sevilla,1,Sin Festivo,Sin Evento
Yogur Natural,1.98,Lácteos,5,120,2024-08-10,S012,Madrid,1,Sin Festivo,Sin Evento
Manzanas Fuji,3.5,Frutas y Verduras,7,45,2024-06-27,S046,Sevilla,0,Sin Festivo,Sin Evento
Helado de Vainilla,3.52,Congelados,0,6,2025-08-22,S035,Murcia,1,Sin Festivo,Sin Evento
Pasta Italiana,7.82,Alimentación,0,125,2025-03-21,S023,Bilbao,0,Sin Festivo,Sin Evento
Manzanas Fuji,1.5,Frutas y Verduras,4,73,2024-07-07,S044,Alicante,0,Sin Festivo,Sin Evento
Pasta Italiana,0.72,Alimentación,0,104,2024-03-24,S020,Palma de Mallorca,1,Sin Festivo,Sin Evento
Yogur Natural,0.85,Lácteos,5,53,2025-05-15,S001,Sevilla,0,Sin Festivo,Sin Evento
Manzanas Fuji,2.67,Frutas y Verduras,2,2,2024-10-24,S006,Murcia,0,Sin Festivo,Sin Evento
Manzanas Fuji,5.36,Frutas y Verduras,3,146,2024-05-23,S013,Sevilla,0,Sin Festivo,Sin Evento
Vino Tinto Rioja,3.34,Bebidas,6,3,2024-07-16,S010,Valencia,0,Sin Festivo,Sin Evento
Detergente Líquido,2.22,Limpieza,7,16,2024-06-26,S010,Valencia,0,Sin Festivo,Sin Evento
Pan de Molde,0.49,Panadería,2,23,2024-05-18,S040,Bilbao,1,Sin Festivo,Sin Evento
Vino Tinto Rioja,2.12,Bebidas,0,0,2024-12-21,S037,Palma de Mallorca,1,Sin Festivo,Sin Evento
Protector Solar,5.89,Cuidado Personal,2,69,2024-09-26,S017,Sevilla,0,Sin Festivo,Sin Evento
Cerveza Lager,8.87,Bebidas,0,25,2025-06-18,S046,Bilbao,0,Sin Festivo,Sin Evento
Papel Higiénico,5.99,Higiene,0,8,2024-08-06,S029,Alicante,0,Sin Festivo,Sin Evento
Yogur Natural,3.23,Lácteos,0,115,2024-11-15,S048,Málaga,0,Sin Festivo,Sin Evento
Leche Entera,1.34,Lácteos,5,22,2025-02-01,S046,Bilbao,1,Sin Festivo,Sin Evento
Cerveza Lager,4.78,Bebidas,3,174,2025-12-08,S046,Alicante,0,Inmaculada Concepción,Sin Evento
Papel Higiénico,3.44,Higiene,3,68,2024-02-27,S026,Murcia,0,Sin Festivo,Sin Evento
Papel Higiénico,1.84,Higiene,2,59,2024-01-24,S003,Barcelona,0,Sin Festivo,Sin Evento
Helado de Vainilla,7.29,Congelados,2,71,2024-08-30,S035,Murcia,1,Sin Festivo,Sin Evento
Vino Tinto Rioja,5.58,Bebidas,25,51,2024-11-30,S024,Alicante,1,Sin Festivo,Festival de Música
Paraguas,14.83,Hogar,9,15,2025-06-28,S018,Zaragoza,0,Sin Festivo,Sin Evento
Pasta Italiana,4.14,Alimentación,3,29,2025-06-03,S029,Murcia,0,Sin Festivo,Sin Evento
Detergente Líquido,3.63,Limpieza,2,157,2025-04-05,S011,Madrid,0,Sin Festivo,Sin Evento
Turrón de Almendras,16.77,Alimentación (Navidad),0,15,2024-11-12,S044,Valencia,0,Sin Festivo,Sin Evento
Protector Solar,4.53,Cuidado Personal,0,40,2025-08-16,S005,Alicante,1,Sin Festivo,Sin Evento
Protector Solar,11.56,Cuidado Personal,3,45,2025-04-28,S012,Alicante,0,Sin Festivo,Sin Evento
Pasta Italiana,4.99,Alimentación,2,147,2024-12-08,S029,Bilbao,1,Inmaculada Concepción,Sin Evento
Yogur Natural,2.49,Lácteos,0,51,2024-05-18,S045,Barcelona,1,Sin Festivo,Sin Evento
Aceite de Oliva,7.73,Alimentación,0,73,2024-05-15,S029,Zaragoza,0,Sin Festivo,Sin Evento
Protector Solar,13.57,Cuidado Personal,2,56,2024-07-08,S022,Málaga,0,Sin Festivo,Sin Evento
Pan de Molde,2.52,Panadería,0,15,2024-12-19,S008,Zaragoza,0,Sin Festivo,Sin Evento
Leche Entera,1.0,Lácteos,12,52,2024-03-10,S045,Madrid,1,Sin Festivo,Sin Evento
Manzanas Fuji,0.97,Frutas y Verduras,13,103,2025-09-01,S028,Sevilla,0,Sin Festivo,Sin Evento
Leche Entera,2.56,Lácteos,4,72,2025-09-09,S044,Palma de Mallorca,0,Sin Festivo,Sin Evento
Yogur Natural,1.23,Lácteos,4,19,2025-06-24,S037,Madrid,0,Sin Festivo,Sin Evento
Helado de Vainilla,5.92,Congelados,5,148,2025-12-25,S050,Valencia,0,Navidad,Sin Evento
Detergente Líquido,3.58,Limpieza,3,52,2025-01-19,S016,Barcelona,1,Sin Festivo,Sin Evento
Leche Entera,1.22,Lácteos,5,70,2024-09-17,S019,Málaga,0,Sin Festivo,Sin Evento
Vino Tinto Rioja,1.03,Bebidas,5,96,2025-06-18,S049,Zaragoza,0,Sin Festivo,Sin Evento
Helado de Vainilla,2.61,Congelados,6,31,2024-05-13,S014,Madrid,0,Sin Festivo,Sin Evento
Helado de Vainilla,2.84,Congelados,7,9,2024-10-30,S006,Alicante,0,Sin Festivo,Sin Evento
Paraguas,8.95,Hogar,0,35,2024-08-07,S048,Sevilla,0,Sin Festivo,Sin Evento
Paraguas,9.13,Hogar,8,15,2024-09-14,S039,Murcia,1,Sin Festivo,Sin Evento
Protector Solar,6.47,Cuidado Personal,7,30,2025-05-25,S039,Murcia,1,Sin Festivo,Sin Evento
Vino Tinto Rioja,7.19,Bebidas,0,36,2024-01-08,S028,Barcelona,0,Sin Festivo,Sin Evento
Detergente Líquido,2.34,Limpieza,5,103,2024-02-07,S018,Bilbao,0,Sin Festivo,Sin Evento
Helado de Vainilla,7.78,Congelados,1,4,2025-03-14,S036,Alicante,0,Sin Festivo,Sin Evento
Leche Entera,1.11,Lácteos,2,0,2025-09-06,S037,Barcelona,0,Sin Festivo,Sin Evento
Protector Solar,3.82,Cuidado Personal,10,36,2025-06-26,S026,Madrid,0,Sin Festivo,Sin Evento
Protector Solar,10.14,Cuidado Personal,0,49,2025-02-24,S016,Barcelona,0,Sin Festivo,Sin Evento
Paraguas,11.06,Hogar,1,28,2025-09-22,S014,Bilbao,0,Sin Festivo,Sin Evento
Leche Entera,1.54,Lácteos,5,64,2024-09-18,S033,Sevilla,0,Sin Festivo,Sin Evento
Yogur Natural,3.45,Lácteos,0,46,2025-11-06,S032,Murcia,0,Sin Festivo,Sin Evento
Aceite de Oliva,4.77,Alimentación,10,70,2025-04-19,S027,Zaragoza,0,Sin Festivo,Sin Evento
Manzanas Fuji,1.39,Frutas y Verduras,12,88,2024-05-19,S024,Madrid,1,Sin Festivo,Sin Evento
Pasta Italiana,5.72,Alimentación,5,143,2024-06-15,S017,Alicante,1,Sin Festivo,Sin Evento
Cerveza Lager,5.05,Bebidas,8,35,2025-06-14,S014,Madrid,0,Sin Festivo,Sin Evento
Pan de Molde,1.84,Panadería,4,4,2024-01-24,S020,Sevilla,0,Sin Festivo,Sin Evento
Paraguas,8.26,Hogar,17,0,2024-05-12,S016,Zaragoza,1,Sin Festivo,Sin Evento
Protector Solar,3.66,Cuidado Personal,5,61,2025-11-11,S014,Palma de Mallorca,0,Sin Festivo,Sin Evento
Papel Higiénico,5.03,Higiene,2,60,2025-01-02,S021,Bilbao,0,Sin Festivo,Sin Evento
Pollo Fresco,5.12,Carnes,3,51,2024-10-17,S008,Zaragoza,0,Sin Festivo,Sin Evento
Paraguas,18.47,Hogar,3,46,2024-12-26,S033,Alicante,0,Sin Festivo,Sin Evento
Pollo Fresco,11.83,Carnes,2,3,2025-01-02,S036,Barcelona,0,Sin Festivo,Sin Evento
Yogur Natural,0.84,Lácteos,0,71,2024-08-26,S036,Madrid,0,Sin Festivo,Sin Evento
Aceite de Oliva,5.65,Alimentación,0,26,2025-07-27,S035,Valencia,1,Sin Festivo,Sin Evento
Helado de Vainilla,7.59,Congelados,0,132,2024-11-24,S032,Murcia,0,Sin Festivo,Sin Evento
Vino Tinto Rioja,11.07,Bebidas,0,76,2024-01-25,S016,Bilbao,0,Sin Festivo,Sin Evento
Cerveza Lager,1.34,Bebidas,9,136,2025-05-14,S019,Palma de Mallorca,0,Sin Festivo,Sin Evento
Cerveza Lager,7.68,Bebidas,0,141,2025-10-08,S029,Zaragoza,0,Sin Festivo,Sin Evento
Protector Solar,12.13,Cuidado Personal,4,0,2024-10-21,S045,Valencia,0,Sin Festivo,Sin Evento
Aceite de Oliva,3.35,Alimentación,6,105,2025-07-15,S026,Bilbao,0,Sin Festivo,Sin Evento
Aceite de Oliva,1.29,Alimentación,0,60,2024-07-10,S003,Valencia,0,Sin Festivo,Feria Local
Leche Entera,2.66,Lácteos,0,46,2025-07-29,S035,Barcelona,0,Sin Festivo,Mercado Semanal
Yogur Natural,2.38,Lácteos,0,90,2025-08-23,S019,Zaragoza,0,Sin Festivo,Sin Evento
Papel Higiénico,4.43,Higiene,2,66,2024-07-02,S042,Palma de Mallorca,0,Sin Festivo,Sin Evento
Pan de Molde,2.08,Panadería,2,0,2025-07-03,S048,Málaga,0,Sin Festivo,Sin Evento
Papel Higiénico,4.3,Higiene,0,18,2025-06-06,S041,Málaga,1,Sin Festivo,Sin Evento
Leche Entera,3.2,Lácteos,1,1,2025-12-17,S048,Málaga,0,Sin Festivo,Sin Evento
Yogur Natural,2.4,Lácteos,0,12,2025-09-10,S046,Valencia,0,Sin Festivo,Mercado Semanal
Cerveza Lager,9.77,Bebidas,3,2,2024-03-10,S038,Alicante,0,Sin Festivo,Sin Evento
Leche Entera,3.01,Lácteos,4,70,2024-10-26,S012,Bilbao,1,Sin Festivo,Sin Evento
Leche Entera,1.95,Lácteos,4,39,2024-07-05,S020,Barcelona,0,Sin Festivo,Feria Local
Paraguas,7.78,Hogar,11,36,2024-04-14,S006,Alicante,0,Sin Festivo,Sin Evento
Pollo Fresco,9.35,Carnes,6,15,2024-12-21,S003,Zaragoza,0,Sin Festivo,Sin Evento
Vino Tinto Rioja,3.24,Bebidas,2,60,2025-02-26,S013,Palma de Mallorca,0,Sin Festivo,Sin Evento
Aceite de Oliva,2.45,Alimentación,4,84,2024-04-03,S041,Alicante,0,Sin Festivo,Sin Evento
Papel Higiénico,4.89,Higiene,0,14,2025-04-25,S012,Valencia,1,Sin Festivo,Sin Evento
Protector Solar,7.0,Cuidado Personal,8,62,2025-11-22,S002,Barcelona,1,Sin Festivo,Sin Evento
Papel Higiénico,1.89,Higiene,3,48,2025-10-14,S003,Barcelona,0,Sin Festivo,Sin Evento
Aceite de Oliva,6.42,Alimentación,4,10,2024-07-29,S031,Murcia,0,Sin Festivo,Sin Evento
Pan de Molde,1.06,Panadería,3,49,2025-09-03,S023,Palma de Mallorca,0,Sin Festivo,Sin Evento
Pasta Italiana,4.27,Alimentación,12,0,2024-10-19,S017,Málaga,1,Sin Festivo,Sin Evento
Pollo Fresco,7.67,Carnes,4,52,2025-12-31,S038,Sevilla,0,Sin Festivo,Sin Evento
Cerveza Lager,9.77,Bebidas,2,186,2025-11-18,S020,Valencia,0,Sin Festivo,Sin Evento
Yogur Natural,1.72,Lácteos,2,126,2024-08-14,S040,Palma de Mallorca,0,Sin Festivo,Sin Evento
Helado de Vainilla,7.01,Congelados,3,93,2024-10-06,S009,Valencia,0,Sin Festivo,Sin Evento
Protector Solar,13.91,Cuidado Personal,1,72,2025-09-09,S048,Barcelona,0,Sin Festivo,Sin Evento
Protector Solar,7.66,Cuidado Personal,4,54,2024-08-12,S045,Málaga,0,Sin Festivo,Sin Evento
Papel Higiénico,2.64,Higiene,9,75,2025-02-22,S030,Valencia,1,Sin Festivo,Sin Evento
Pasta Italiana,1.44,Alimentación,1,134,2024-11-10,S028,Palma de Mallorca,0,Sin Festivo,Sin Evento
Pan de Molde,1.28,Panadería,3,44,2025-11-21,S041,Bilbao,0,Sin Festivo,Sin Evento
Aceite de Oliva,7.3,Alimentación,1,91,2024-11-19,S018,Málaga,0,Sin Festivo,Sin Evento
Pollo Fresco,5.02,Carnes,6,93,2024-03-06,S022,Málaga,0,Sin Festivo,Sin Evento
Pollo Fresco,7.32,Carnes,0,54,2025-04-09,S015,Barcelona,0,Sin Festivo,Sin Evento
Protector Solar,9.21,Cuidado Personal,2,0,2025-10-24,S007,Valencia,0,Sin Festivo,Sin Evento
Papel Higiénico,3.86,Higiene,4,37,2024-03-28,S020,Palma de Mallorca,0,Jueves Santo,Sin Evento
Paraguas,17.84,Hogar,1,23,2024-07-04,S002,Murcia,0,Sin Festivo,Sin Evento
Manzanas Fuji,5.84,Frutas y Verduras,1,61,2025-11-19,S040,Murcia,0,Sin Festivo,Sin Evento
Protector Solar,12.08,Cuidado Personal,0,22,2025-11-03,S008,Valencia,0,Sin Festivo,Sin Evento
Helado de Vainilla,8.31,Congelados,5,43,2025-02-15,S035,Zaragoza,0,Sin Festivo,Sin Evento
Manzanas Fuji,5.93,Frutas y Verduras,3,93,2025-01-03,S039,Valencia,1,Sin Festivo,Sin Evento
Cerveza Lager,9.92,Bebidas,4,169,2025-03-17,S036,Sevilla,0,Sin Festivo,Sin Evento
Cerveza Lager,1.43,Bebidas,3,173,2024-06-05,S018,Palma de Mallorca,0,Sin Festivo,Sin Evento
Aceite de Oliva,8.59,Alimentación,1,0,2025-02-27,S033,Zaragoza,0,Sin Festivo,Mercado Semanal
Vino Tinto Rioja,2.69,Bebidas,2,105,2024-05-15,S011,Alicante,0,Sin Festivo,Sin Evento
Papel Higiénico,4.05,Higiene,1,32,2025-04-21,S008,Málaga,0,Sin Festivo,Sin Evento
Turrón de Almendras,18.41,Alimentación (Navidad),2,17,2025-08-03,S031,Málaga,0,Sin Festivo,Sin Evento
Turrón de Almendras,10.49,Alimentación (Navidad),12,0,2024-12-13,S032,Bilbao,0,Sin Festivo,Sin Evento
Pasta Italiana,2.47,Alimentación,2,121,2024-08-30,S007,Alicante,0,Sin Festivo,Sin Evento
Detergente Líquido,4.6,Limpieza,4,151,2024-08-10,S012,Sevilla,1,Sin Festivo,Sin Evento
Helado de Vainilla,6.88,Congelados,0,93,2024-03-03,S047,Madrid,0,Sin Festivo,Sin Evento
Protector Solar,8.61,Cuidado Personal,3,8,2024-09-05,S027,Bilbao,0,Sin Festivo,Festival de Música
Turrón de Almendras,24.8,Alimentación (Navidad),1,11,2024-08-22,S040,Valencia,0,Sin Festivo,Sin Evento
Helado de Vainilla,4.96,Congelados,6,23,2025-09-03,S007,Alicante,0,Sin Festivo,Sin Evento
Helado de Vainilla,3.38,Congelados,6,21,2025-09-14,S030,Málaga,0,Sin Festivo,Sin Evento
Aceite de Oliva,6.93,Alimentación,4,95,2024-04-23,S036,Zaragoza,0,Día de Aragón,Sin Evento
Detergente Líquido,6.3,Limpieza,2,58,2024-04-07,S005,Málaga,0,Sin Festivo,Sin Evento
Aceite de Oliva,0.5,Alimentación,8,32,2025-04-26,S019,Zaragoza,1,Sin Festivo,Sin Evento
Pan de Molde,0.54,Panadería,1,28,2024-07-20,S037,Bilbao,0,Sin Festivo,Sin Evento
Cerveza Lager,5.19,Bebidas,8,17,2024-05-13,S005,Madrid,0,Sin Festivo,Sin Evento
Yogur Natural,1.87,Lácteos,1,65,2025-01-31,S037,Sevilla,1,Sin Festivo,Sin Evento
Paraguas,13.38,Hogar,3,30,2025-11-05,S026,Valencia,0,Sin Festivo,Sin Evento
Paraguas,19.75,Hogar,1,49,2025-10-29,S040,Valencia,0,Sin Festivo,Sin Evento
Protector Solar,11.03,Cuidado Personal,3,28,2025-09-19,S030,Valencia,0,Sin Festivo,Sin Evento
Detergente Líquido,2.75,Limpieza,7,12,2024-06-04,S001,Murcia,0,Sin Festivo,Sin Evento
Pasta Italiana,2.19,Alimentación,7,139,2024-10-10,S028,Madrid,0,Sin Festivo,Sin Evento
Cerveza Lager,4.36,Bebidas,10,52,2025-07-09,S026,Murcia,0,Sin Festivo,Sin Evento
Pollo Fresco,2.9,Carnes,5,25,2024-05-23,S014,Madrid,0,Sin Festivo,Sin Evento
Manzanas Fuji,1.79,Frutas y Verduras,8,23,2025-10-15,S007,Palma de Mallorca,0,Sin Festivo,Sin Evento
Protector Solar,3.82,Cuidado Personal,1,21,2025-02-18,S028,Palma de Mallorca,0,Sin Festivo,Sin Evento
Protector Solar,9.83,Cuidado Personal,10,56,2025-08-02,S014,Barcelona,1,Sin Festivo,Sin Evento
Helado de Vainilla,1.85,Congelados,2,58,2024-01-01,S005,Murcia,0,Año Nuevo,Sin Evento
Manzanas Fuji,1.33,Frutas y Verduras,6,36,2024-07-06,S035,Sevilla,0,Sin Festivo,Sin Evento
Pollo Fresco,7.23,Carnes,3,78,2024-06-18,S001,Sevilla,0,Sin Festivo,Sin Evento
Leche Entera,3.35,Lácteos,3,33,2025-10-14,S041,Barcelona,0,Sin Festivo,Sin Evento
Pan de Molde,1.91,Panadería,0,52,2024-10-01,S011,Barcelona,0,Sin Festivo,Sin Evento
Pollo Fresco,6.49,Carnes,2,70,2024-04-18,S014,Bilbao,0,Sin Festivo,Sin Evento
Paraguas,8.74,Hogar,0,7,2024-06-30,S015,Bilbao,0,Sin Festivo,Sin Evento
Cerveza Lager,4.71,Bebidas,8,39,2024-01-06,S012,Palma de Mallorca,0,Reyes Magos,Sin Evento
Helado de Vainilla,8.95,Congelados,1,143,2025-08-03,S023,Palma de Mallorca,0,Sin Festivo,Sin Evento
Helado de Vainilla,1.55,Congelados,7,33,2024-05-11,S046,Málaga,1,Sin Festivo,Sin Evento
Detergente Líquido,4.54,Limpieza,3,181,2025-01-01,S025,Barcelona,0,Año Nuevo,Sin Evento
Yogur Natural,0.36,Lácteos,6,0,2024-12-15,S042,Valencia,1,Sin Festivo,Sin Evento
Aceite de Oliva,4.7,Alimentación,5,78,2025-10-08,S035,Zaragoza,0,Sin Festivo,Sin Evento
Leche Entera,1.83,Lácteos,6,49,2024-05-14,S015,Bilbao,0,Sin Festivo,Sin Evento
Paraguas,13.03,Hogar,6,41,2024-06-04,S037,Valencia,0,Sin Festivo,Sin Evento
Helado de Vainilla,8.54,Congelados,4,6,2024-10-29,S001,Valencia,0,Sin Festivo,Sin Evento
Yogur Natural,3.0,Lácteos,0,112,2025-04-06,S047,Palma de Mallorca,1,Sin Festivo,Sin Evento
Paraguas,5.04,Hogar,6,27,2025-08-26,S047,Bilbao,0,Sin Festivo,Sin Evento
Pollo Fresco,11.01,Carnes,3,8,2025-05-14,S037,Palma de Mallorca,0,Sin Festivo,Sin Evento
Pan de Molde,0.46,Panadería,9,38,2024-07-06,S020,Madrid,1,Sin Festivo,Sin Evento
Turrón de Almendras,14.66,Alimentación (Navidad),3,56,2025-03-30,S041,Bilbao,0,Sin Festivo,Sin Evento
Pan de Molde,1.19,Panadería,3,41,2025-02-13,S033,Barcelona,0,Sin Festivo,Sin Evento
Protector Solar,10.41,Cuidado Personal,7,53,2025-09-17,S047,Palma de Mallorca,0,Sin Festivo,Sin Evento
Manzanas Fuji,1.89,Frutas y Verduras,4,29,2025-11-06,S025,Bilbao,0,Sin Festivo,Sin Evento
Papel Higiénico,2.78,Higiene,5,64,2025-11-11,S016,Sevilla,0,Sin Festivo,Sin Evento
Leche Entera,1.87,Lácteos,2,0,2025-11-21,S026,Alicante,0,Sin Festivo,Sin Evento
Helado de Vainilla,4.54,Congelados,8,115,2025-04-02,S025,Madrid,0,Sin Festivo,Sin Evento
Pan de Molde,2.9,Panadería,5,28,2025-06-14,S050,Valencia,0,Sin Festivo,Sin Evento
Paraguas,10.35,Hogar,5,17,2024-07-13,S003,Sevilla,0,Sin Festivo,Sin Evento
Paraguas,7.71,Hogar,0,47,2024-11-14,S042,Málaga,0,Sin Festivo,Sin Evento
Yogur Natural,0.5,Lácteos,8,120,2024-02-10,S019,Bilbao,1,Sin Festivo,Sin Evento
Leche Entera,0.95,Lácteos,2,39,2024-02-04,S016,Zaragoza,1,Sin Festivo,Sin Evento
Aceite de Oliva,8.12,Alimentación,1,7,2024-11-11,S006,Murcia,0,Sin Festivo,Sin Evento
Helado de Vainilla,7.4,Congelados,3,70,2025-12-16,S033,Alicante,0,Sin Festivo,Sin Evento
Detergente Líquido,6.7,Limpieza,2,100,2025-10-06,S033,Sevilla,0,Sin Festivo,Sin Evento
Helado de Vainilla,7.79,Congelados,1,88,2024-12-15,S028,Barcelona,0,Sin Festivo,Festival de Música
Detergente Líquido,5.82,Limpieza,4,50,2024-03-13,S045,Madrid,0,Sin Festivo,Sin Evento
Pan de Molde,1.12,Panadería,3,52,2024-12-06,S027,Zaragoza,0,Día de la Constitución Española,Sin Evento
Pan de Molde,1.92,Panadería,0,51,2025-11-26,S036,Málaga,0,Sin Festivo,Sin Evento
